pitcher,batter,pitch_type,spin,ivb,hb,count_balls,count_strikes,result,batter_side,pitcher_hand,date
OPP-11,H04,Fastball,2286,17.2,14.6,0,0,InPlay,L,R,2026-09-04
OPP-11,H05,Fastball,2174,15.2,9.1,0,0,StrikeCalled,L,R,2026-09-04
OPP-11,H05,Fastball,2327,16.4,8.7,0,1,FoulBall,L,R,2026-09-04
OPP-11,H05,Fastball,2153,16.6,9.1,0,2,InPlay,L,R,2026-09-04
OPP-11,H09,Fastball,2122,14.2,12.7,0,0,InPlay,R,R,2026-09-04
OPP-11,H02,Fastball,2223,15.8,13.4,0,0,StrikeSwinging,L,R,2026-09-04
OPP-11,H02,Fastball,2181,12.6,13.6,0,1,StrikeSwinging,L,R,2026-09-04
OPP-11,H02,Fastball,2345,15.0,12.2,0,2,StrikeSwinging,L,R,2026-09-04
OPP-11,H01,Fastball,2232,15.2,8.4,0,0,BallCalled,R,R,2026-09-04
OPP-11,H01,Fastball,2199,17.0,5.4,1,0,StrikeCalled,R,R,2026-09-04
OPP-11,H01,Changeup,1753,8.6,8.6,1,1,FoulBall,R,R,2026-09-04
OPP-11,H01,Fastball,2364,15.2,5.5,1,2,BallCalled,R,R,2026-09-04
OPP-11,H01,Fastball,2329,16.6,4.3,2,2,BallCalled,R,R,2026-09-04
OPP-11,H01,Curveball,2602,-9.0,-10.1,3,2,FoulBall,R,R,2026-09-04
OPP-11,H01,Fastball,2352,16.5,7.8,3,2,BallCalled,R,R,2026-09-04
OPP-11,H06,Fastball,2319,15.2,6.3,0,0,BallCalled,L,R,2026-09-04
OPP-11,H06,Fastball,2137,14.6,14.4,1,0,StrikeCalled,L,R,2026-09-04
OPP-11,H06,Fastball,2257,14.3,10.0,1,1,StrikeCalled,L,R,2026-09-04
OPP-11,H06,Slider,2535,1.6,-3.4,1,2,BallCalled,L,R,2026-09-04
OPP-11,H06,Slider,2526,3.5,-5.1,2,2,StrikeCalled,L,R,2026-09-04
OPP-11,H06,Slider,2482,-0.0,-5.1,0,0,BallCalled,R,R,2026-09-04
OPP-11,H06,Fastball,2229,11.4,7.1,1,0,StrikeCalled,R,R,2026-09-04
OPP-11,H06,Fastball,2191,16.3,5.9,1,1,BallCalled,R,R,2026-09-04
OPP-11,H06,Fastball,2056,18.6,2.4,2,1,InPlay,R,R,2026-09-04
OPP-11,H08,Fastball,2397,8.0,9.6,0,0,BallCalled,R,R,2026-09-04
OPP-11,H08,Fastball,2057,16.3,9.9,1,0,StrikeCalled,R,R,2026-09-04
OPP-11,H08,Fastball,2306,16.7,9.5,1,1,InPlay,R,R,2026-09-04
OPP-11,H06,Slider,2355,3.5,-7.3,0,0,BallCalled,R,R,2026-09-04
OPP-11,H06,Fastball,2311,15.8,5.4,1,0,StrikeCalled,R,R,2026-09-04
OPP-11,H06,Slider,2416,0.0,-5.8,1,1,StrikeCalled,R,R,2026-09-04
OPP-11,H06,Fastball,2071,13.4,7.7,1,2,BallCalled,R,R,2026-09-04
OPP-11,H06,Fastball,2381,15.8,6.9,2,2,BallCalled,R,R,2026-09-04
OPP-11,H06,Slider,2483,4.9,-0.4,3,2,FoulBall,R,R,2026-09-04
OPP-11,H06,Slider,2313,4.3,-2.5,3,2,FoulBall,R,R,2026-09-04
OPP-11,H06,Slider,2129,2.8,-8.1,3,2,StrikeSwinging,R,R,2026-09-04
OPP-11,H04,Slider,2180,-3.2,-7.9,0,0,StrikeCalled,R,R,2026-09-04
OPP-11,H04,Curveball,2506,-3.5,-8.8,0,1,BallCalled,R,R,2026-09-04
OPP-11,H04,Fastball,2271,15.2,9.1,1,1,FoulBall,R,R,2026-09-04
OPP-11,H04,Fastball,2165,17.5,9.9,1,2,InPlay,R,R,2026-09-04
OPP-11,H02,Fastball,2235,16.0,5.8,0,0,StrikeSwinging,R,R,2026-09-04
OPP-11,H02,Fastball,2306,16.5,13.2,0,1,FoulBall,R,R,2026-09-04
OPP-11,H02,Changeup,1616,8.6,10.4,0,2,FoulBall,R,R,2026-09-04
OPP-11,H02,Changeup,1922,10.7,11.9,0,2,FoulBall,R,R,2026-09-04
OPP-11,H02,Slider,2214,-3.2,-6.0,0,2,StrikeSwinging,R,R,2026-09-04
OPP-11,H09,Curveball,2666,-5.8,-5.7,0,0,FoulBall,R,R,2026-09-04
OPP-11,H09,Slider,2219,0.2,-5.5,0,1,BallCalled,R,R,2026-09-04
OPP-11,H09,Changeup,1665,10.9,12.9,1,1,FoulBall,R,R,2026-09-04
OPP-11,H09,Fastball,2337,12.9,7.7,1,2,InPlay,R,R,2026-09-04
OPP-11,H05,Fastball,2169,14.2,14.0,0,0,BallCalled,L,R,2026-09-04
OPP-11,H05,Fastball,2168,16.1,11.0,1,0,BallCalled,L,R,2026-09-04
OPP-11,H05,Slider,2601,5.3,-6.2,2,0,StrikeSwinging,L,R,2026-09-04
OPP-11,H05,Changeup,1571,7.1,16.2,2,1,StrikeCalled,L,R,2026-09-04
OPP-11,H05,Slider,2206,-0.7,-6.6,2,2,FoulBall,L,R,2026-09-04
OPP-11,H05,Curveball,2457,-1.2,-14.8,2,2,InPlay,L,R,2026-09-04
OPP-11,H03,Fastball,2305,14.9,7.7,0,0,BallCalled,R,R,2026-09-04
OPP-11,H03,Fastball,2248,15.3,11.6,1,0,FoulBall,R,R,2026-09-04
OPP-11,H03,Changeup,1801,8.1,14.2,1,1,StrikeSwinging,R,R,2026-09-04
OPP-11,H03,Fastball,2078,14.7,10.7,1,2,StrikeSwinging,R,R,2026-09-04
OPP-11,H04,Changeup,1829,5.7,12.2,0,0,FoulBall,R,R,2026-09-04
OPP-11,H04,Changeup,1814,6.3,18.3,0,1,StrikeCalled,R,R,2026-09-04
OPP-11,H04,Slider,2655,-1.2,-1.0,0,2,BallCalled,R,R,2026-09-04
OPP-11,H04,Slider,2158,0.5,-1.5,1,2,StrikeSwinging,R,R,2026-09-04
OPP-11,H05,Fastball,2089,14.0,9.3,0,0,StrikeSwinging,R,R,2026-09-04
OPP-11,H05,Slider,2510,6.2,-8.5,0,1,BallCalled,R,R,2026-09-04
OPP-11,H05,Fastball,2263,17.1,13.8,1,1,BallCalled,R,R,2026-09-04
OPP-11,H05,Fastball,2315,9.9,9.1,2,1,FoulBall,R,R,2026-09-04
OPP-11,H05,Slider,2483,3.1,-4.8,2,2,StrikeSwinging,R,R,2026-09-04
OPP-11,H05,Fastball,2153,17.3,6.1,0,0,StrikeSwinging,R,R,2026-09-04
OPP-11,H05,Changeup,1772,7.8,10.9,0,1,StrikeSwinging,R,R,2026-09-04
OPP-11,H05,Fastball,2250,15.5,7.8,0,2,BallCalled,R,R,2026-09-04
OPP-11,H05,Fastball,2465,13.3,8.8,1,2,BallCalled,R,R,2026-09-04
OPP-11,H05,Changeup,1644,9.4,18.1,2,2,StrikeSwinging,R,R,2026-09-04
OPP-11,H08,Curveball,2425,-2.0,-2.8,0,0,BallCalled,R,R,2026-09-04
OPP-11,H08,Curveball,2726,-10.2,-10.1,1,0,StrikeSwinging,R,R,2026-09-04
OPP-11,H08,Slider,2224,4.2,-0.3,1,1,BallCalled,R,R,2026-09-04
OPP-11,H08,Fastball,2290,15.8,8.5,2,1,StrikeSwinging,R,R,2026-09-04
OPP-11,H08,Changeup,1589,8.9,12.8,2,2,BallCalled,R,R,2026-09-04
OPP-11,H08,Fastball,2142,14.7,9.5,3,2,BallCalled,R,R,2026-09-04
OPP-11,H07,Changeup,1785,9.8,10.9,0,0,InPlay,R,R,2026-09-04
OPP-11,H02,Fastball,2172,16.0,11.5,0,0,StrikeCalled,L,R,2026-09-04
OPP-11,H02,Slider,2500,2.1,-6.7,0,1,StrikeSwinging,L,R,2026-09-04
OPP-11,H02,Slider,2215,-0.5,-3.2,0,2,StrikeSwinging,L,R,2026-09-04
OPP-11,H07,Fastball,2280,16.9,7.9,0,0,BallCalled,R,R,2026-09-04
OPP-11,H07,Slider,2263,3.1,-7.5,1,0,StrikeSwinging,R,R,2026-09-04
OPP-11,H07,Fastball,2249,16.2,7.3,1,1,StrikeCalled,R,R,2026-09-04
OPP-11,H07,Fastball,2216,14.7,9.2,1,2,FoulBall,R,R,2026-09-04
OPP-11,H07,Curveball,2764,-8.3,-6.5,1,2,StrikeSwinging,R,R,2026-09-04
OPP-11,H07,Fastball,2083,17.3,6.6,0,0,FoulBall,R,R,2026-09-04
OPP-11,H07,Fastball,2210,15.8,6.7,0,1,FoulBall,R,R,2026-09-04
OPP-11,H07,Slider,2341,2.9,-1.8,0,2,BallCalled,R,R,2026-09-04
OPP-11,H07,Curveball,2507,-5.3,-8.5,1,2,BallCalled,R,R,2026-09-04
OPP-11,H07,Slider,2216,0.7,-8.7,2,2,FoulBall,R,R,2026-09-04
OPP-11,H07,Changeup,1719,12.8,7.9,2,2,BallCalled,R,R,2026-09-04
OPP-11,H07,Changeup,1676,9.8,10.7,3,2,StrikeSwinging,R,R,2026-09-04
OPP-11,H09,Curveball,2579,-6.8,-11.5,0,0,StrikeCalled,L,R,2026-09-04
OPP-11,H09,Fastball,2266,16.9,8.5,0,1,BallCalled,L,R,2026-09-04
OPP-11,H09,Slider,2262,3.7,-1.9,1,1,StrikeCalled,L,R,2026-09-04
OPP-11,H09,Changeup,1841,9.1,11.9,1,2,InPlay,L,R,2026-09-04
OPP-11,H09,Changeup,2167,8.7,13.0,0,0,BallCalled,R,R,2026-09-04
OPP-11,H09,Fastball,2145,12.6,4.6,1,0,BallCalled,R,R,2026-09-04
OPP-11,H09,Fastball,2329,16.4,10.7,2,0,StrikeCalled,R,R,2026-09-04
OPP-11,H09,Fastball,2460,15.9,12.8,2,1,HitByPitch,R,R,2026-09-04
OPP-11,H04,Fastball,2338,14.3,12.0,0,0,BallCalled,R,R,2026-09-05
OPP-11,H04,Changeup,1735,9.1,13.7,1,0,BallCalled,R,R,2026-09-05
OPP-11,H04,Fastball,2368,14.9,9.1,2,0,FoulBall,R,R,2026-09-05
OPP-11,H04,Changeup,1836,12.3,7.1,2,1,StrikeCalled,R,R,2026-09-05
OPP-11,H04,Curveball,2605,-2.8,-12.1,2,2,StrikeSwinging,R,R,2026-09-05
OPP-11,H03,Slider,2675,1.7,-9.1,0,0,BallCalled,R,R,2026-09-05
OPP-11,H03,Fastball,2156,15.6,8.3,1,0,BallCalled,R,R,2026-09-05
OPP-11,H03,Fastball,2343,17.5,6.0,2,0,StrikeCalled,R,R,2026-09-05
OPP-11,H03,Slider,2412,1.4,-5.3,2,1,StrikeCalled,R,R,2026-09-05
OPP-11,H03,Curveball,2538,-5.5,-1.0,2,2,BallCalled,R,R,2026-09-05
OPP-11,H03,Slider,2255,-0.2,-2.7,3,2,BallCalled,R,R,2026-09-05
OPP-11,H02,Slider,2246,2.4,-4.4,0,0,BallCalled,L,R,2026-09-05
OPP-11,H02,Fastball,2361,15.6,9.9,1,0,FoulBall,L,R,2026-09-05
OPP-11,H02,Changeup,1725,6.4,8.7,1,1,BallCalled,L,R,2026-09-05
OPP-11,H02,Changeup,1646,11.6,11.7,2,1,FoulBall,L,R,2026-09-05
OPP-11,H02,Fastball,2348,12.3,7.8,2,2,BallCalled,L,R,2026-09-05
OPP-11,H02,Slider,2241,1.6,-5.3,3,2,BallCalled,L,R,2026-09-05
OPP-11,H03,Fastball,2244,15.2,8.5,0,0,BallCalled,R,R,2026-09-05
OPP-11,H03,Fastball,2067,14.2,5.4,1,0,StrikeCalled,R,R,2026-09-05
OPP-11,H03,Slider,2241,4.0,-7.1,1,1,StrikeSwinging,R,R,2026-09-05
OPP-11,H03,Slider,2520,0.3,-0.0,1,2,BallCalled,R,R,2026-09-05
OPP-11,H03,Slider,2266,5.2,-5.2,2,2,StrikeCalled,R,R,2026-09-05
OPP-11,H05,Slider,2246,0.6,-6.4,0,0,BallCalled,R,R,2026-09-05
OPP-11,H05,Changeup,1932,11.6,9.3,1,0,StrikeSwinging,R,R,2026-09-05
OPP-11,H05,Fastball,2181,11.9,7.8,1,1,FoulBall,R,R,2026-09-05
OPP-11,H05,Fastball,2215,13.0,10.6,1,2,BallCalled,R,R,2026-09-05
OPP-11,H05,Slider,2307,3.6,-0.4,2,2,BallCalled,R,R,2026-09-05
OPP-11,H05,Fastball,2355,14.9,8.6,3,2,BallCalled,R,R,2026-09-05
OPP-11,H06,Slider,2410,2.4,-5.3,0,0,BallCalled,R,R,2026-09-05
OPP-11,H06,Changeup,1556,8.2,11.9,1,0,InPlay,R,R,2026-09-05
OPP-11,H05,Fastball,2283,13.6,8.3,0,0,StrikeSwinging,R,R,2026-09-05
OPP-11,H05,Fastball,2105,15.1,9.4,0,1,BallCalled,R,R,2026-09-05
OPP-11,H05,Fastball,2380,13.3,9.0,1,1,InPlay,R,R,2026-09-05
OPP-11,H09,Fastball,2153,16.8,3.7,0,0,BallCalled,R,R,2026-09-05
OPP-11,H09,Fastball,2174,13.0,14.6,1,0,FoulBall,R,R,2026-09-05
OPP-11,H09,Fastball,2257,11.0,8.6,1,1,StrikeCalled,R,R,2026-09-05
OPP-11,H09,Fastball,2169,14.8,9.8,1,2,StrikeCalled,R,R,2026-09-05
OPP-11,H05,Fastball,2326,12.6,13.5,0,0,BallCalled,R,R,2026-09-05
OPP-11,H05,Fastball,2266,17.0,7.8,1,0,StrikeCalled,R,R,2026-09-05
OPP-11,H05,Changeup,1783,6.7,14.2,1,1,StrikeCalled,R,R,2026-09-05
OPP-11,H05,Curveball,2577,-5.3,-11.7,1,2,InPlay,R,R,2026-09-05
OPP-11,H08,Fastball,2247,14.1,10.4,0,0,StrikeCalled,R,R,2026-09-05
OPP-11,H08,Slider,2228,1.9,-4.9,0,1,FoulBall,R,R,2026-09-05
OPP-11,H08,Changeup,1895,6.7,12.1,0,2,InPlay,R,R,2026-09-05
OPP-11,H02,Fastball,2332,15.9,15.6,0,0,FoulBall,L,R,2026-09-05
OPP-11,H02,Slider,2484,-0.5,-2.0,0,1,BallCalled,L,R,2026-09-05
OPP-11,H02,Slider,2281,2.5,-5.2,1,1,InPlay,L,R,2026-09-05
OPP-11,H02,Slider,2555,-0.5,-6.1,0,0,BallCalled,L,R,2026-09-05
OPP-11,H02,Fastball,2187,14.8,6.2,1,0,StrikeCalled,L,R,2026-09-05
OPP-11,H02,Changeup,2068,6.0,18.1,1,1,InPlay,L,R,2026-09-05
OPP-11,H08,Fastball,2369,12.8,7.0,0,0,InPlay,R,R,2026-09-05
OPP-11,H02,Fastball,2310,15.7,6.1,0,0,FoulBall,R,R,2026-09-05
OPP-11,H02,Fastball,2316,15.6,9.8,0,1,BallCalled,R,R,2026-09-05
OPP-11,H02,Slider,2573,1.0,-6.7,1,1,BallCalled,R,R,2026-09-05
OPP-11,H02,Fastball,2315,15.6,13.4,2,1,HitByPitch,R,R,2026-09-05
OPP-11,H03,Changeup,1555,8.2,15.2,0,0,BallCalled,L,R,2026-09-05
OPP-11,H03,Changeup,1650,7.7,10.2,1,0,StrikeCalled,L,R,2026-09-05
OPP-11,H03,Fastball,2034,17.4,8.2,1,1,BallCalled,L,R,2026-09-05
OPP-11,H03,Fastball,2327,14.6,4.5,2,1,StrikeCalled,L,R,2026-09-05
OPP-11,H03,Changeup,1892,8.3,14.1,2,2,InPlay,L,R,2026-09-05
OPP-11,H03,Slider,2293,2.2,-8.9,0,0,StrikeSwinging,L,R,2026-09-05
OPP-11,H03,Curveball,2565,-6.8,-8.5,0,1,StrikeCalled,L,R,2026-09-05
OPP-11,H03,Fastball,2198,11.5,6.9,0,2,BallCalled,L,R,2026-09-05
OPP-11,H03,Changeup,1976,5.5,13.3,1,2,BallCalled,L,R,2026-09-05
OPP-11,H03,Fastball,2243,15.0,11.2,2,2,BallCalled,L,R,2026-09-05
OPP-11,H03,Fastball,2171,11.2,4.2,3,2,StrikeSwinging,L,R,2026-09-05
OPP-11,H04,Slider,2214,3.5,-8.0,0,0,InPlay,L,R,2026-09-05
OPP-11,H02,Fastball,2147,16.1,14.5,0,0,StrikeCalled,R,R,2026-09-05
OPP-11,H02,Fastball,2442,12.6,13.7,0,1,FoulBall,R,R,2026-09-05
OPP-11,H02,Fastball,2225,14.4,8.1,0,2,BallCalled,R,R,2026-09-05
OPP-11,H02,Changeup,1814,5.4,12.3,1,2,StrikeSwinging,R,R,2026-09-05
OPP-11,H01,Slider,2475,3.9,-7.0,0,0,InPlay,L,R,2026-09-05
OPP-11,H07,Slider,2308,2.8,-3.4,0,0,BallCalled,R,R,2026-09-05
OPP-11,H07,Slider,2304,1.0,-6.1,1,0,StrikeCalled,R,R,2026-09-05
OPP-11,H07,Fastball,2237,11.7,6.3,1,1,StrikeCalled,R,R,2026-09-05
OPP-11,H07,Fastball,2167,15.4,8.0,1,2,FoulBall,R,R,2026-09-05
OPP-11,H07,Slider,2081,0.1,-5.4,1,2,StrikeSwinging,R,R,2026-09-05
OPP-11,H09,Curveball,2452,-4.0,-7.3,0,0,BallCalled,L,R,2026-09-05
OPP-11,H09,Fastball,2455,14.7,11.1,1,0,StrikeCalled,L,R,2026-09-05
OPP-11,H09,Fastball,2139,16.7,13.1,1,1,StrikeCalled,L,R,2026-09-05
OPP-11,H09,Fastball,2171,16.2,2.8,1,2,InPlay,L,R,2026-09-05
OPP-11,H04,Fastball,2221,13.2,8.8,0,0,BallCalled,R,R,2026-09-05
OPP-11,H04,Fastball,2213,12.7,14.3,1,0,BallCalled,R,R,2026-09-05
OPP-11,H04,Fastball,2335,14.3,7.9,2,0,FoulBall,R,R,2026-09-05
OPP-11,H04,Slider,2314,4.1,-9.4,2,1,StrikeCalled,R,R,2026-09-05
OPP-11,H04,Slider,2187,1.6,-3.7,2,2,BallCalled,R,R,2026-09-05
OPP-11,H04,Fastball,2428,16.6,10.1,3,2,InPlay,R,R,2026-09-05
OPP-11,H07,Slider,2556,5.2,-8.7,0,0,StrikeSwinging,L,R,2026-09-05
OPP-11,H07,Slider,2475,1.5,-10.8,0,1,FoulBall,L,R,2026-09-05
OPP-11,H07,Slider,2063,2.9,-3.4,0,2,FoulBall,L,R,2026-09-05
OPP-11,H07,Changeup,1695,11.7,12.0,0,2,InPlay,L,R,2026-09-05
OPP-11,H01,Fastball,2230,11.1,13.0,0,0,HitByPitch,L,R,2026-09-05
OPP-11,H07,Fastball,2315,13.7,10.8,0,0,FoulBall,R,R,2026-09-05
OPP-11,H07,Slider,2200,1.2,-3.5,0,1,StrikeCalled,R,R,2026-09-05
OPP-11,H07,Slider,2380,2.8,-3.0,0,2,BallCalled,R,R,2026-09-05
OPP-11,H07,Fastball,2330,14.2,16.8,1,2,InPlay,R,R,2026-09-05
OPP-11,H06,Fastball,2190,13.8,10.1,0,0,BallCalled,L,R,2026-09-05
OPP-11,H06,Slider,2580,6.9,-5.8,1,0,BallCalled,L,R,2026-09-05
OPP-11,H06,Fastball,2151,13.3,14.1,2,0,FoulBall,L,R,2026-09-05
OPP-11,H06,Fastball,2220,15.6,9.4,2,1,StrikeCalled,L,R,2026-09-05
OPP-11,H06,Slider,2456,5.9,-10.9,2,2,StrikeSwinging,L,R,2026-09-05
OPP-11,H03,Fastball,2076,19.0,8.7,0,0,StrikeSwinging,R,R,2026-09-06
OPP-11,H03,Slider,2367,0.2,-3.3,0,1,StrikeSwinging,R,R,2026-09-06
OPP-11,H03,Changeup,1786,15.3,17.8,0,2,BallCalled,R,R,2026-09-06
OPP-11,H03,Fastball,2097,14.2,10.4,1,2,FoulBall,R,R,2026-09-06
OPP-11,H03,Slider,2465,7.4,-9.5,1,2,BallCalled,R,R,2026-09-06
OPP-11,H03,Changeup,1821,6.6,8.1,2,2,StrikeCalled,R,R,2026-09-06
OPP-11,H03,Changeup,1689,10.4,15.5,0,0,BallCalled,R,R,2026-09-06
OPP-11,H03,Fastball,2292,11.1,16.6,1,0,StrikeCalled,R,R,2026-09-06
OPP-11,H03,Fastball,2067,17.0,11.6,1,1,BallCalled,R,R,2026-09-06
OPP-11,H03,Fastball,2165,12.5,8.0,2,1,StrikeCalled,R,R,2026-09-06
OPP-11,H03,Slider,2613,7.4,-8.1,2,2,BallCalled,R,R,2026-09-06
OPP-11,H03,Slider,2579,-1.5,-7.6,3,2,InPlay,R,R,2026-09-06
OPP-11,H04,Fastball,2137,15.1,10.0,0,0,StrikeSwinging,L,R,2026-09-06
OPP-11,H04,Fastball,2240,10.3,3.7,0,1,StrikeCalled,L,R,2026-09-06
OPP-11,H04,Changeup,1652,12.1,6.9,0,2,BallCalled,L,R,2026-09-06
OPP-11,H04,Slider,2705,-0.7,-6.6,1,2,BallCalled,L,R,2026-09-06
OPP-11,H04,Slider,2399,4.2,-10.2,2,2,BallCalled,L,R,2026-09-06
OPP-11,H04,Slider,2288,4.6,-9.9,3,2,BallCalled,L,R,2026-09-06
OPP-11,H06,Fastball,2344,14.1,7.1,0,0,BallCalled,R,R,2026-09-06
OPP-11,H06,Fastball,2262,14.9,6.6,1,0,StrikeCalled,R,R,2026-09-06
OPP-11,H06,Fastball,2193,17.0,12.7,1,1,InPlay,R,R,2026-09-06
OPP-11,H07,Curveball,2433,-4.1,-12.9,0,0,BallCalled,L,R,2026-09-06
OPP-11,H07,Fastball,2518,17.4,10.5,1,0,InPlay,L,R,2026-09-06
OPP-11,H06,Fastball,2227,12.8,10.2,0,0,FoulBall,R,R,2026-09-06
OPP-11,H06,Fastball,2435,15.4,12.7,0,1,FoulBall,R,R,2026-09-06
OPP-11,H06,Slider,2366,-0.5,-10.0,0,2,BallCalled,R,R,2026-09-06
OPP-11,H06,Curveball,2547,-1.4,-7.7,1,2,FoulBall,R,R,2026-09-06
OPP-11,H06,Slider,2498,-4.4,-6.2,1,2,FoulBall,R,R,2026-09-06
OPP-11,H06,Changeup,1780,10.3,7.4,1,2,BallCalled,R,R,2026-09-06
OPP-11,H06,Fastball,2193,12.9,9.5,2,2,BallCalled,R,R,2026-09-06
OPP-11,H06,Slider,2475,2.7,-0.5,3,2,InPlay,R,R,2026-09-06
OPP-11,H07,Fastball,2139,13.0,8.7,0,0,StrikeSwinging,L,R,2026-09-06
OPP-11,H07,Fastball,2274,13.4,7.8,0,1,StrikeCalled,L,R,2026-09-06
OPP-11,H07,Fastball,2133,18.0,5.0,0,2,BallCalled,L,R,2026-09-06
OPP-11,H07,Changeup,1729,12.6,11.4,1,2,BallCalled,L,R,2026-09-06
OPP-11,H07,Changeup,1837,7.0,14.4,2,2,BallCalled,L,R,2026-09-06
OPP-11,H07,Fastball,2289,12.6,9.7,3,2,StrikeSwinging,L,R,2026-09-06
OPP-11,H08,Fastball,2277,14.9,6.8,0,0,BallCalled,L,R,2026-09-06
OPP-11,H08,Fastball,2266,15.5,13.8,1,0,StrikeCalled,L,R,2026-09-06
OPP-11,H08,Changeup,1530,9.4,10.8,1,1,InPlay,L,R,2026-09-06
OPP-11,H06,Slider,2484,3.2,-7.4,0,0,FoulBall,R,R,2026-09-06
OPP-11,H06,Curveball,2580,-3.7,-10.7,0,1,StrikeSwinging,R,R,2026-09-06
OPP-11,H06,Fastball,2268,16.5,13.1,0,2,StrikeCalled,R,R,2026-09-06
OPP-11,H07,Slider,2410,1.4,-6.9,0,0,BallCalled,R,R,2026-09-06
OPP-11,H07,Slider,2122,4.5,-6.4,1,0,StrikeSwinging,R,R,2026-09-06
OPP-11,H07,Fastball,2107,13.2,5.4,1,1,BallCalled,R,R,2026-09-06
OPP-11,H07,Fastball,2056,15.4,14.2,2,1,StrikeCalled,R,R,2026-09-06
OPP-11,H07,Slider,2461,4.0,-3.6,2,2,StrikeSwinging,R,R,2026-09-06
OPP-11,H04,Fastball,2285,16.2,9.4,0,0,FoulBall,R,R,2026-09-06
OPP-11,H04,Fastball,2241,15.2,8.7,0,1,StrikeCalled,R,R,2026-09-06
OPP-11,H04,Slider,1995,3.3,-7.4,0,2,StrikeSwinging,R,R,2026-09-06
OPP-11,H06,Fastball,2239,14.4,5.3,0,0,StrikeSwinging,L,R,2026-09-06
OPP-11,H06,Fastball,2348,13.6,16.4,0,1,BallCalled,L,R,2026-09-06
OPP-11,H06,Fastball,2296,18.9,11.6,1,1,InPlay,L,R,2026-09-06
OPP-11,H09,Fastball,2418,12.4,5.9,0,0,StrikeCalled,L,R,2026-09-06
OPP-11,H09,Changeup,1680,9.5,13.3,0,1,BallCalled,L,R,2026-09-06
OPP-11,H09,Fastball,2315,14.6,8.5,1,1,BallCalled,L,R,2026-09-06
OPP-11,H09,Fastball,2309,17.2,8.8,2,1,StrikeCalled,L,R,2026-09-06
OPP-11,H09,Slider,2468,1.4,-9.8,2,2,InPlay,L,R,2026-09-06
OPP-11,H05,Fastball,2212,15.8,8.6,0,0,StrikeCalled,L,R,2026-09-06
OPP-11,H05,Fastball,1886,14.1,12.7,0,1,BallCalled,L,R,2026-09-06
OPP-11,H05,Fastball,2296,15.3,8.3,1,1,StrikeCalled,L,R,2026-09-06
OPP-11,H05,Fastball,2141,15.0,6.9,1,2,StrikeSwinging,L,R,2026-09-06
OPP-11,H05,Slider,2349,-2.3,-2.3,0,0,BallCalled,R,R,2026-09-06
OPP-11,H05,Fastball,2230,17.0,9.5,1,0,StrikeCalled,R,R,2026-09-06
OPP-11,H05,Fastball,2350,15.7,9.1,1,1,StrikeCalled,R,R,2026-09-06
OPP-11,H05,Fastball,2108,13.8,13.0,1,2,BallCalled,R,R,2026-09-06
OPP-11,H05,Fastball,2071,11.9,9.8,2,2,FoulBall,R,R,2026-09-06
OPP-11,H05,Changeup,1853,4.7,8.4,2,2,BallCalled,R,R,2026-09-06
OPP-11,H05,Curveball,2105,-1.5,-11.5,3,2,FoulBall,R,R,2026-09-06
OPP-11,H05,Curveball,2290,-5.8,-10.8,3,2,BallCalled,R,R,2026-09-06
OPP-11,H08,Fastball,2428,15.6,9.9,0,0,BallCalled,R,R,2026-09-06
OPP-11,H08,Fastball,2244,14.0,7.5,1,0,FoulBall,R,R,2026-09-06
OPP-11,H08,Fastball,2234,14.1,17.4,1,1,BallCalled,R,R,2026-09-06
OPP-11,H08,Fastball,2017,15.8,9.1,2,1,FoulBall,R,R,2026-09-06
OPP-11,H08,Slider,2413,-1.1,-10.4,2,2,InPlay,R,R,2026-09-06
OPP-11,H09,Fastball,2217,13.3,10.2,0,0,InPlay,R,R,2026-09-06
OPP-11,H07,Fastball,2259,17.5,4.9,0,0,FoulBall,R,R,2026-09-06
OPP-11,H07,Slider,2293,3.4,-5.3,0,1,BallCalled,R,R,2026-09-06
OPP-11,H07,Changeup,1745,7.0,14.7,1,1,StrikeSwinging,R,R,2026-09-06
OPP-11,H07,Changeup,1920,8.8,12.3,1,2,InPlay,R,R,2026-09-06
OPP-11,H05,Curveball,2400,-12.5,-6.6,0,0,FoulBall,R,R,2026-09-06
OPP-11,H05,Fastball,2399,11.9,6.0,0,1,BallCalled,R,R,2026-09-06
OPP-11,H05,Fastball,2212,15.6,12.3,1,1,StrikeCalled,R,R,2026-09-06
OPP-11,H05,Fastball,2182,11.7,3.3,1,2,StrikeSwinging,R,R,2026-09-06
OPP-11,H05,Fastball,2081,12.4,12.1,0,0,BallCalled,R,R,2026-09-06
OPP-11,H05,Fastball,2375,16.7,10.1,1,0,StrikeCalled,R,R,2026-09-06
OPP-11,H05,Fastball,2195,15.2,4.6,1,1,BallCalled,R,R,2026-09-06
OPP-11,H05,Fastball,2242,11.6,5.4,2,1,StrikeCalled,R,R,2026-09-06
OPP-11,H05,Fastball,2405,16.3,9.0,2,2,StrikeSwinging,R,R,2026-09-06
OPP-11,H03,Fastball,2274,13.8,12.2,0,0,InPlay,R,R,2026-09-06
OPP-11,H06,Fastball,1967,20.2,8.6,0,0,BallCalled,R,R,2026-09-06
OPP-11,H06,Fastball,2076,14.0,7.8,1,0,FoulBall,R,R,2026-09-06
OPP-11,H06,Fastball,2177,16.8,13.1,1,1,FoulBall,R,R,2026-09-06
OPP-11,H06,Slider,2323,2.7,-2.9,1,2,BallCalled,R,R,2026-09-06
OPP-11,H06,Fastball,2229,15.3,10.8,2,2,StrikeSwinging,R,R,2026-09-06
OPP-11,H04,Fastball,2200,14.3,8.4,0,0,StrikeSwinging,R,R,2026-09-06
OPP-11,H04,Fastball,2203,12.3,12.9,0,1,BallCalled,R,R,2026-09-06
OPP-11,H04,Fastball,2276,13.2,9.5,1,1,StrikeCalled,R,R,2026-09-06
OPP-11,H04,Changeup,1702,11.5,11.9,1,2,BallCalled,R,R,2026-09-06
OPP-11,H04,Fastball,2122,17.4,9.8,2,2,FoulBall,R,R,2026-09-06
OPP-11,H04,Slider,2217,-1.6,-5.1,2,2,FoulBall,R,R,2026-09-06
OPP-11,H04,Fastball,2245,13.4,9.7,2,2,FoulBall,R,R,2026-09-06
OPP-11,H04,Fastball,2270,15.5,11.7,2,2,BallCalled,R,R,2026-09-06
OPP-11,H04,Slider,2325,1.8,-7.7,3,2,StrikeCalled,R,R,2026-09-06
OPP-24,H06,Changeup,1781,9.3,12.4,0,0,BallCalled,L,L,2026-09-04
OPP-24,H06,Fastball,2314,13.7,3.7,1,0,InPlay,L,L,2026-09-04
OPP-24,H09,Fastball,2197,14.1,13.0,0,0,InPlay,R,L,2026-09-04
OPP-24,H09,Slider,2440,3.9,-10.2,0,0,StrikeCalled,L,L,2026-09-04
OPP-24,H09,Slider,2012,-1.4,-4.7,0,1,StrikeSwinging,L,L,2026-09-04
OPP-24,H09,Changeup,1731,8.9,9.4,0,2,FoulBall,L,L,2026-09-04
OPP-24,H09,Slider,2223,3.4,-7.3,0,2,FoulBall,L,L,2026-09-04
OPP-24,H09,Curveball,2658,-5.1,-10.8,0,2,InPlay,L,L,2026-09-04
OPP-24,H01,Changeup,1888,11.0,8.6,0,0,FoulBall,R,L,2026-09-04
OPP-24,H01,Slider,2512,5.6,-7.0,0,1,StrikeSwinging,R,L,2026-09-04
OPP-24,H01,Fastball,2248,13.3,7.7,0,2,InPlay,R,L,2026-09-04
OPP-24,H01,Fastball,2221,12.5,8.3,0,0,FoulBall,R,L,2026-09-04
OPP-24,H01,Changeup,1762,9.5,16.2,0,1,StrikeSwinging,R,L,2026-09-04
OPP-24,H01,Slider,2478,0.3,-7.9,0,2,InPlay,R,L,2026-09-04
OPP-24,H05,Fastball,2288,17.5,4.8,0,0,HitByPitch,R,L,2026-09-04
OPP-24,H06,Curveball,2501,-1.4,-12.7,0,0,BallCalled,R,L,2026-09-04
OPP-24,H06,Fastball,2164,18.2,7.9,1,0,StrikeCalled,R,L,2026-09-04
OPP-24,H06,Slider,2488,-0.6,-2.8,1,1,StrikeCalled,R,L,2026-09-04
OPP-24,H06,Changeup,1600,5.4,8.7,1,2,BallCalled,R,L,2026-09-04
OPP-24,H06,Fastball,2360,18.8,6.5,2,2,BallCalled,R,L,2026-09-04
OPP-24,H06,Changeup,1654,6.4,8.7,3,2,BallCalled,R,L,2026-09-04
OPP-24,H06,Fastball,2143,15.4,14.2,0,0,BallCalled,L,L,2026-09-04
OPP-24,H06,Fastball,2053,16.0,11.5,1,0,FoulBall,L,L,2026-09-04
OPP-24,H06,Slider,2185,3.9,-7.4,1,1,InPlay,L,L,2026-09-04
OPP-24,H06,Fastball,2228,14.6,9.2,0,0,BallCalled,L,L,2026-09-04
OPP-24,H06,Fastball,2291,15.8,10.4,1,0,InPlay,L,L,2026-09-04
OPP-24,H06,Fastball,2280,14.1,11.1,0,0,StrikeSwinging,L,L,2026-09-04
OPP-24,H06,Fastball,2199,16.8,6.5,0,1,FoulBall,L,L,2026-09-04
OPP-24,H06,Slider,2356,6.0,-8.3,0,2,FoulBall,L,L,2026-09-04
OPP-24,H06,Slider,2216,4.1,-6.7,0,2,StrikeSwinging,L,L,2026-09-04
OPP-24,H09,Slider,2316,6.1,-4.3,0,0,StrikeSwinging,R,L,2026-09-04
OPP-24,H09,Curveball,2346,-4.9,-10.4,0,1,FoulBall,R,L,2026-09-04
OPP-24,H09,Fastball,2264,12.7,8.1,0,2,BallCalled,R,L,2026-09-04
OPP-24,H09,Slider,2302,0.5,-3.9,1,2,InPlay,R,L,2026-09-04
OPP-24,H02,Slider,2446,0.7,-1.1,0,0,StrikeSwinging,R,L,2026-09-04
OPP-24,H02,Slider,2251,-3.2,-5.6,0,1,FoulBall,R,L,2026-09-04
OPP-24,H02,Slider,2101,2.3,-1.5,0,2,InPlay,R,L,2026-09-04
OPP-24,H05,Fastball,2412,19.2,7.7,0,0,StrikeCalled,R,L,2026-09-04
OPP-24,H05,Changeup,1713,6.8,8.3,0,1,HitByPitch,R,L,2026-09-04
OPP-24,H02,Slider,2453,-0.6,-5.8,0,0,BallCalled,L,L,2026-09-04
OPP-24,H02,Fastball,2125,14.2,13.9,1,0,InPlay,L,L,2026-09-04
OPP-24,H06,Changeup,1708,2.5,12.3,0,0,StrikeCalled,L,L,2026-09-04
OPP-24,H06,Fastball,2072,16.0,7.7,0,1,BallCalled,L,L,2026-09-04
OPP-24,H06,Changeup,1872,10.8,13.0,1,1,BallCalled,L,L,2026-09-04
OPP-24,H06,Fastball,2339,14.2,10.4,2,1,FoulBall,L,L,2026-09-04
OPP-24,H06,Slider,2259,0.5,-3.4,2,2,StrikeCalled,L,L,2026-09-04
OPP-24,H09,Fastball,2280,19.8,9.5,0,0,FoulBall,R,L,2026-09-04
OPP-24,H09,Fastball,2166,13.2,9.8,0,1,StrikeCalled,R,L,2026-09-04
OPP-24,H09,Changeup,2060,6.2,13.2,0,2,InPlay,R,L,2026-09-04
OPP-24,H04,Fastball,2187,16.1,3.5,0,0,BallCalled,R,L,2026-09-04
OPP-24,H04,Fastball,2137,15.1,8.3,1,0,BallCalled,R,L,2026-09-04
OPP-24,H04,Fastball,2182,12.0,3.0,2,0,FoulBall,R,L,2026-09-04
OPP-24,H04,Fastball,1978,12.4,6.2,2,1,FoulBall,R,L,2026-09-04
OPP-24,H04,Curveball,2551,-7.4,-14.1,2,2,StrikeSwinging,R,L,2026-09-04
OPP-24,H08,Slider,2205,1.0,-10.4,0,0,StrikeSwinging,R,L,2026-09-04
OPP-24,H08,Fastball,2411,16.4,11.2,0,1,StrikeCalled,R,L,2026-09-04
OPP-24,H08,Changeup,1563,10.0,15.1,0,2,InPlay,R,L,2026-09-04
OPP-24,H09,Fastball,2273,16.4,6.0,0,0,InPlay,R,L,2026-09-04
OPP-24,H05,Fastball,2274,16.3,10.2,0,0,FoulBall,L,L,2026-09-04
OPP-24,H05,Fastball,2446,15.4,15.3,0,1,BallCalled,L,L,2026-09-04
OPP-24,H05,Fastball,2079,13.3,8.1,1,1,StrikeSwinging,L,L,2026-09-04
OPP-24,H05,Curveball,2332,-4.7,-0.1,1,2,InPlay,L,L,2026-09-04
OPP-24,H06,Curveball,2499,-10.7,-2.8,0,0,BallCalled,L,L,2026-09-04
OPP-24,H06,Fastball,2239,13.0,6.7,1,0,StrikeCalled,L,L,2026-09-04
OPP-24,H06,Changeup,1828,9.2,13.0,1,1,BallCalled,L,L,2026-09-04
OPP-24,H06,Changeup,1779,7.0,8.7,2,1,StrikeCalled,L,L,2026-09-04
OPP-24,H06,Fastball,2237,12.8,6.6,2,2,InPlay,L,L,2026-09-04
OPP-24,H01,Slider,2369,1.3,-4.8,0,0,BallCalled,L,L,2026-09-04
OPP-24,H01,Fastball,2183,6.8,9.4,1,0,InPlay,L,L,2026-09-04
OPP-24,H04,Fastball,2241,17.7,10.7,0,0,StrikeSwinging,R,L,2026-09-04
OPP-24,H04,Changeup,1980,10.5,12.1,0,1,FoulBall,R,L,2026-09-04
OPP-24,H04,Curveball,2673,-6.5,-2.2,0,2,StrikeSwinging,R,L,2026-09-04
OPP-24,H01,Slider,2480,2.8,-8.7,0,0,BallCalled,L,L,2026-09-04
OPP-24,H01,Changeup,1695,10.6,12.4,1,0,StrikeCalled,L,L,2026-09-04
OPP-24,H01,Slider,2131,1.2,-3.9,1,1,StrikeSwinging,L,L,2026-09-04
OPP-24,H01,Changeup,1647,8.8,14.8,1,2,FoulBall,L,L,2026-09-04
OPP-24,H01,Slider,2568,2.3,-10.7,1,2,BallCalled,L,L,2026-09-04
OPP-24,H01,Fastball,2129,12.2,11.7,2,2,FoulBall,L,L,2026-09-04
OPP-24,H01,Changeup,1595,7.7,7.3,2,2,FoulBall,L,L,2026-09-04
OPP-24,H01,Curveball,2507,-3.3,-5.6,2,2,FoulBall,L,L,2026-09-04
OPP-24,H01,Slider,2380,-0.3,-6.8,2,2,StrikeSwinging,L,L,2026-09-04
OPP-24,H01,Changeup,1890,11.7,17.6,0,0,FoulBall,R,L,2026-09-04
OPP-24,H01,Fastball,2094,14.8,6.3,0,1,BallCalled,R,L,2026-09-04
OPP-24,H01,Fastball,2285,16.9,8.8,1,1,InPlay,R,L,2026-09-04
OPP-24,H07,Fastball,2092,16.1,9.7,0,0,BallCalled,R,L,2026-09-04
OPP-24,H07,Fastball,2201,13.4,13.6,1,0,InPlay,R,L,2026-09-04
OPP-24,H08,Fastball,2109,15.6,10.6,0,0,InPlay,R,L,2026-09-04
OPP-24,H06,Fastball,2239,13.8,9.5,0,0,InPlay,L,L,2026-09-04
OPP-24,H01,Fastball,2132,17.4,5.2,0,0,StrikeCalled,R,L,2026-09-04
OPP-24,H01,Changeup,1815,6.1,5.3,0,1,FoulBall,R,L,2026-09-04
OPP-24,H01,Curveball,2610,-10.1,-11.8,0,2,StrikeSwinging,R,L,2026-09-04
OPP-24,H09,Changeup,2012,6.3,15.3,0,0,InPlay,R,L,2026-09-04
