pitcher,batter,pitch_type,velocity,spin,ivb,hb,plate_x,plate_z,count_balls,count_strikes,result,batter_side,pitcher_hand,date
OPP-11,H04,Fastball,91.3,2286,17.2,14.6,0.372,1.656,0,0,InPlay,L,R,2026-09-04
OPP-11,H05,Fastball,90.4,2174,15.2,9.1,0.78,2.717,0,0,StrikeCalled,L,R,2026-09-04
OPP-11,H05,Fastball,90.8,2327,16.4,8.7,-0.142,2.84,0,1,FoulBall,L,R,2026-09-04
OPP-11,H05,Fastball,90.4,2153,16.6,9.1,-0.487,2.681,0,2,InPlay,L,R,2026-09-04
OPP-11,H09,Fastball,94.5,2122,14.2,12.7,0.383,2.616,0,0,InPlay,R,R,2026-09-04
OPP-11,H02,Fastball,92.6,2223,15.8,13.4,0.479,2.106,0,0,StrikeSwinging,L,R,2026-09-04
OPP-11,H02,Fastball,89.5,2181,12.6,13.6,-0.903,2.524,0,1,StrikeSwinging,L,R,2026-09-04
OPP-11,H02,Fastball,89.2,2345,15.0,12.2,-0.129,2.739,0,2,StrikeSwinging,L,R,2026-09-04
OPP-11,H01,Fastball,90.6,2232,15.2,8.4,1.587,2.437,0,0,BallCalled,R,R,2026-09-04
OPP-11,H01,Fastball,87.6,2199,17.0,5.4,-0.782,1.679,1,0,StrikeCalled,R,R,2026-09-04
OPP-11,H01,Changeup,82.9,1753,8.6,8.6,-0.121,1.079,1,1,FoulBall,R,R,2026-09-04
OPP-11,H01,Fastball,87.9,2364,15.2,5.5,-1.25,1.906,1,2,BallCalled,R,R,2026-09-04
OPP-11,H01,Fastball,90.1,2329,16.6,4.3,-1.257,3.993,2,2,BallCalled,R,R,2026-09-04
OPP-11,H01,Curveball,78.9,2602,-9.0,-10.1,0.261,0.442,3,2,FoulBall,R,R,2026-09-04
OPP-11,H01,Fastball,90.0,2352,16.5,7.8,-0.501,0.934,3,2,BallCalled,R,R,2026-09-04
OPP-11,H06,Fastball,89.4,2319,15.2,6.3,-1.013,2.259,0,0,BallCalled,L,R,2026-09-04
OPP-11,H06,Fastball,92.4,2137,14.6,14.4,-0.734,2.629,1,0,StrikeCalled,L,R,2026-09-04
OPP-11,H06,Fastball,90.4,2257,14.3,10.0,0.463,2.0,1,1,StrikeCalled,L,R,2026-09-04
OPP-11,H06,Slider,84.9,2535,1.6,-3.4,-2.042,1.938,1,2,BallCalled,L,R,2026-09-04
OPP-11,H06,Slider,80.5,2526,3.5,-5.1,-0.543,1.573,2,2,StrikeCalled,L,R,2026-09-04
OPP-11,H06,Slider,82.8,2482,-0.0,-5.1,-0.255,0.82,0,0,BallCalled,R,R,2026-09-04
OPP-11,H06,Fastball,91.8,2229,11.4,7.1,0.121,2.429,1,0,StrikeCalled,R,R,2026-09-04
OPP-11,H06,Fastball,91.1,2191,16.3,5.9,0.184,1.081,1,1,BallCalled,R,R,2026-09-04
OPP-11,H06,Fastball,89.9,2056,18.6,2.4,0.396,2.948,2,1,InPlay,R,R,2026-09-04
OPP-11,H08,Fastball,91.6,2397,8.0,9.6,0.982,2.632,0,0,BallCalled,R,R,2026-09-04
OPP-11,H08,Fastball,91.6,2057,16.3,9.9,-0.505,2.415,1,0,StrikeCalled,R,R,2026-09-04
OPP-11,H08,Fastball,90.4,2306,16.7,9.5,-0.718,2.232,1,1,InPlay,R,R,2026-09-04
OPP-11,H06,Slider,81.6,2355,3.5,-7.3,0.879,1.407,0,0,BallCalled,R,R,2026-09-04
OPP-11,H06,Fastball,88.9,2311,15.8,5.4,-0.667,2.916,1,0,StrikeCalled,R,R,2026-09-04
OPP-11,H06,Slider,82.0,2416,0.0,-5.8,-0.722,2.356,1,1,StrikeCalled,R,R,2026-09-04
OPP-11,H06,Fastball,92.2,2071,13.4,7.7,1.453,3.109,1,2,BallCalled,R,R,2026-09-04
OPP-11,H06,Fastball,89.0,2381,15.8,6.9,-0.421,1.365,2,2,BallCalled,R,R,2026-09-04
OPP-11,H06,Slider,80.2,2483,4.9,-0.4,1.692,0.852,3,2,FoulBall,R,R,2026-09-04
OPP-11,H06,Slider,81.5,2313,4.3,-2.5,-0.924,2.773,3,2,FoulBall,R,R,2026-09-04
OPP-11,H06,Slider,80.5,2129,2.8,-8.1,1.497,0.137,3,2,StrikeSwinging,R,R,2026-09-04
OPP-11,H04,Slider,81.0,2180,-3.2,-7.9,-0.19,2.157,0,0,StrikeCalled,R,R,2026-09-04
OPP-11,H04,Curveball,75.2,2506,-3.5,-8.8,-0.199,0.6,0,1,BallCalled,R,R,2026-09-04
OPP-11,H04,Fastball,90.8,2271,15.2,9.1,0.632,2.078,1,1,FoulBall,R,R,2026-09-04
OPP-11,H04,Fastball,88.3,2165,17.5,9.9,0.48,2.356,1,2,InPlay,R,R,2026-09-04
OPP-11,H02,Fastball,89.3,2235,16.0,5.8,-0.111,2.49,0,0,StrikeSwinging,R,R,2026-09-04
OPP-11,H02,Fastball,91.0,2306,16.5,13.2,0.623,3.292,0,1,FoulBall,R,R,2026-09-04
OPP-11,H02,Changeup,83.5,1616,8.6,10.4,-0.226,3.216,0,2,FoulBall,R,R,2026-09-04
OPP-11,H02,Changeup,83.8,1922,10.7,11.9,1.564,0.169,0,2,FoulBall,R,R,2026-09-04
OPP-11,H02,Slider,81.1,2214,-3.2,-6.0,1.127,1.732,0,2,StrikeSwinging,R,R,2026-09-04
OPP-11,H09,Curveball,74.4,2666,-5.8,-5.7,0.306,1.856,0,0,FoulBall,R,R,2026-09-04
OPP-11,H09,Slider,81.3,2219,0.2,-5.5,-0.93,2.131,0,1,BallCalled,R,R,2026-09-04
OPP-11,H09,Changeup,80.2,1665,10.9,12.9,-0.392,1.68,1,1,FoulBall,R,R,2026-09-04
OPP-11,H09,Fastball,90.1,2337,12.9,7.7,0.321,2.63,1,2,InPlay,R,R,2026-09-04
OPP-11,H05,Fastball,89.1,2169,14.2,14.0,1.658,3.786,0,0,BallCalled,L,R,2026-09-04
OPP-11,H05,Fastball,89.7,2168,16.1,11.0,-1.002,2.562,1,0,BallCalled,L,R,2026-09-04
OPP-11,H05,Slider,83.7,2601,5.3,-6.2,0.344,1.748,2,0,StrikeSwinging,L,R,2026-09-04
OPP-11,H05,Changeup,82.8,1571,7.1,16.2,0.395,2.343,2,1,StrikeCalled,L,R,2026-09-04
OPP-11,H05,Slider,76.0,2206,-0.7,-6.6,-0.161,2.371,2,2,FoulBall,L,R,2026-09-04
OPP-11,H05,Curveball,75.9,2457,-1.2,-14.8,1.575,5.176,2,2,InPlay,L,R,2026-09-04
OPP-11,H03,Fastball,90.1,2305,14.9,7.7,0.919,2.31,0,0,BallCalled,R,R,2026-09-04
OPP-11,H03,Fastball,93.1,2248,15.3,11.6,-0.321,2.506,1,0,FoulBall,R,R,2026-09-04
OPP-11,H03,Changeup,81.9,1801,8.1,14.2,1.396,2.342,1,1,StrikeSwinging,R,R,2026-09-04
OPP-11,H03,Fastball,88.3,2078,14.7,10.7,-1.567,4.12,1,2,StrikeSwinging,R,R,2026-09-04
OPP-11,H04,Changeup,82.1,1829,5.7,12.2,0.746,1.981,0,0,FoulBall,R,R,2026-09-04
OPP-11,H04,Changeup,83.2,1814,6.3,18.3,-0.762,2.409,0,1,StrikeCalled,R,R,2026-09-04
OPP-11,H04,Slider,77.7,2655,-1.2,-1.0,-1.382,1.466,0,2,BallCalled,R,R,2026-09-04
OPP-11,H04,Slider,80.5,2158,0.5,-1.5,-1.428,1.462,1,2,StrikeSwinging,R,R,2026-09-04
OPP-11,H05,Fastball,91.6,2089,14.0,9.3,-0.416,0.846,0,0,StrikeSwinging,R,R,2026-09-04
OPP-11,H05,Slider,78.2,2510,6.2,-8.5,-0.856,3.188,0,1,BallCalled,R,R,2026-09-04
OPP-11,H05,Fastball,90.9,2263,17.1,13.8,0.094,3.639,1,1,BallCalled,R,R,2026-09-04
OPP-11,H05,Fastball,91.5,2315,9.9,9.1,0.44,3.293,2,1,FoulBall,R,R,2026-09-04
OPP-11,H05,Slider,79.9,2483,3.1,-4.8,-0.568,3.341,2,2,StrikeSwinging,R,R,2026-09-04
OPP-11,H05,Fastball,90.5,2153,17.3,6.1,0.877,3.818,0,0,StrikeSwinging,R,R,2026-09-04
OPP-11,H05,Changeup,81.4,1772,7.8,10.9,-0.402,1.219,0,1,StrikeSwinging,R,R,2026-09-04
OPP-11,H05,Fastball,89.7,2250,15.5,7.8,1.086,3.164,0,2,BallCalled,R,R,2026-09-04
OPP-11,H05,Fastball,92.2,2465,13.3,8.8,0.117,0.856,1,2,BallCalled,R,R,2026-09-04
OPP-11,H05,Changeup,79.3,1644,9.4,18.1,1.117,3.979,2,2,StrikeSwinging,R,R,2026-09-04
OPP-11,H08,Curveball,76.7,2425,-2.0,-2.8,-1.364,2.771,0,0,BallCalled,R,R,2026-09-04
OPP-11,H08,Curveball,75.7,2726,-10.2,-10.1,-0.185,2.094,1,0,StrikeSwinging,R,R,2026-09-04
OPP-11,H08,Slider,82.4,2224,4.2,-0.3,-0.264,4.646,1,1,BallCalled,R,R,2026-09-04
OPP-11,H08,Fastball,90.6,2290,15.8,8.5,-0.167,2.65,2,1,StrikeSwinging,R,R,2026-09-04
OPP-11,H08,Changeup,84.4,1589,8.9,12.8,2.247,2.98,2,2,BallCalled,R,R,2026-09-04
OPP-11,H08,Fastball,92.7,2142,14.7,9.5,-0.89,0.837,3,2,BallCalled,R,R,2026-09-04
OPP-11,H07,Changeup,80.8,1785,9.8,10.9,0.034,2.296,0,0,InPlay,R,R,2026-09-04
OPP-11,H02,Fastball,92.6,2172,16.0,11.5,-0.383,1.923,0,0,StrikeCalled,L,R,2026-09-04
OPP-11,H02,Slider,79.8,2500,2.1,-6.7,-2.3,0.437,0,1,StrikeSwinging,L,R,2026-09-04
OPP-11,H02,Slider,81.8,2215,-0.5,-3.2,-1.511,0.299,0,2,StrikeSwinging,L,R,2026-09-04
OPP-11,H07,Fastball,89.1,2280,16.9,7.9,-0.278,3.724,0,0,BallCalled,R,R,2026-09-04
OPP-11,H07,Slider,80.6,2263,3.1,-7.5,0.71,2.467,1,0,StrikeSwinging,R,R,2026-09-04
OPP-11,H07,Fastball,93.1,2249,16.2,7.3,-0.414,3.14,1,1,StrikeCalled,R,R,2026-09-04
OPP-11,H07,Fastball,90.1,2216,14.7,9.2,0.838,0.794,1,2,FoulBall,R,R,2026-09-04
OPP-11,H07,Curveball,73.9,2764,-8.3,-6.5,1.707,2.22,1,2,StrikeSwinging,R,R,2026-09-04
OPP-11,H07,Fastball,91.4,2083,17.3,6.6,-0.421,3.224,0,0,FoulBall,R,R,2026-09-04
OPP-11,H07,Fastball,92.6,2210,15.8,6.7,1.124,3.494,0,1,FoulBall,R,R,2026-09-04
OPP-11,H07,Slider,80.9,2341,2.9,-1.8,1.246,1.369,0,2,BallCalled,R,R,2026-09-04
OPP-11,H07,Curveball,74.3,2507,-5.3,-8.5,-0.332,0.081,1,2,BallCalled,R,R,2026-09-04
OPP-11,H07,Slider,82.5,2216,0.7,-8.7,1.794,2.517,2,2,FoulBall,R,R,2026-09-04
OPP-11,H07,Changeup,81.4,1719,12.8,7.9,-1.333,1.088,2,2,BallCalled,R,R,2026-09-04
OPP-11,H07,Changeup,85.8,1676,9.8,10.7,-0.177,3.085,3,2,StrikeSwinging,R,R,2026-09-04
OPP-11,H09,Curveball,76.1,2579,-6.8,-11.5,0.395,2.684,0,0,StrikeCalled,L,R,2026-09-04
OPP-11,H09,Fastball,88.6,2266,16.9,8.5,-0.576,4.747,0,1,BallCalled,L,R,2026-09-04
OPP-11,H09,Slider,80.8,2262,3.7,-1.9,-0.481,2.129,1,1,StrikeCalled,L,R,2026-09-04
OPP-11,H09,Changeup,85.5,1841,9.1,11.9,1.032,3.971,1,2,InPlay,L,R,2026-09-04
OPP-11,H09,Changeup,79.7,2167,8.7,13.0,-1.689,2.32,0,0,BallCalled,R,R,2026-09-04
OPP-11,H09,Fastball,90.7,2145,12.6,4.6,0.84,2.877,1,0,BallCalled,R,R,2026-09-04
OPP-11,H09,Fastball,88.3,2329,16.4,10.7,-0.339,3.04,2,0,StrikeCalled,R,R,2026-09-04
OPP-11,H09,Fastball,92.9,2460,15.9,12.8,-0.563,2.061,2,1,HitByPitch,R,R,2026-09-04
OPP-11,H04,Fastball,90.9,2338,14.3,12.0,-1.095,2.323,0,0,BallCalled,R,R,2026-09-05
OPP-11,H04,Changeup,82.9,1735,9.1,13.7,-0.775,1.362,1,0,BallCalled,R,R,2026-09-05
OPP-11,H04,Fastball,89.7,2368,14.9,9.1,0.743,2.929,2,0,FoulBall,R,R,2026-09-05
OPP-11,H04,Changeup,83.3,1836,12.3,7.1,0.559,2.056,2,1,StrikeCalled,R,R,2026-09-05
OPP-11,H04,Curveball,75.6,2605,-2.8,-12.1,0.308,3.497,2,2,StrikeSwinging,R,R,2026-09-05
OPP-11,H03,Slider,83.3,2675,1.7,-9.1,-1.575,2.125,0,0,BallCalled,R,R,2026-09-05
OPP-11,H03,Fastball,91.3,2156,15.6,8.3,0.246,3.681,1,0,BallCalled,R,R,2026-09-05
OPP-11,H03,Fastball,88.2,2343,17.5,6.0,0.407,1.818,2,0,StrikeCalled,R,R,2026-09-05
OPP-11,H03,Slider,81.4,2412,1.4,-5.3,-0.159,2.505,2,1,StrikeCalled,R,R,2026-09-05
OPP-11,H03,Curveball,76.5,2538,-5.5,-1.0,1.744,0.985,2,2,BallCalled,R,R,2026-09-05
OPP-11,H03,Slider,78.9,2255,-0.2,-2.7,-0.771,0.869,3,2,BallCalled,R,R,2026-09-05
OPP-11,H02,Slider,81.0,2246,2.4,-4.4,-1.04,1.785,0,0,BallCalled,L,R,2026-09-05
OPP-11,H02,Fastball,87.9,2361,15.6,9.9,-0.017,3.238,1,0,FoulBall,L,R,2026-09-05
OPP-11,H02,Changeup,82.3,1725,6.4,8.7,1.623,2.148,1,1,BallCalled,L,R,2026-09-05
OPP-11,H02,Changeup,81.0,1646,11.6,11.7,-0.244,2.031,2,1,FoulBall,L,R,2026-09-05
OPP-11,H02,Fastball,91.1,2348,12.3,7.8,-0.285,3.681,2,2,BallCalled,L,R,2026-09-05
OPP-11,H02,Slider,82.3,2241,1.6,-5.3,0.836,4.0,3,2,BallCalled,L,R,2026-09-05
OPP-11,H03,Fastball,89.5,2244,15.2,8.5,1.408,2.865,0,0,BallCalled,R,R,2026-09-05
OPP-11,H03,Fastball,90.2,2067,14.2,5.4,-0.047,3.057,1,0,StrikeCalled,R,R,2026-09-05
OPP-11,H03,Slider,81.9,2241,4.0,-7.1,0.602,2.198,1,1,StrikeSwinging,R,R,2026-09-05
OPP-11,H03,Slider,81.8,2520,0.3,-0.0,1.811,0.21,1,2,BallCalled,R,R,2026-09-05
OPP-11,H03,Slider,82.4,2266,5.2,-5.2,-0.077,1.943,2,2,StrikeCalled,R,R,2026-09-05
OPP-11,H05,Slider,78.6,2246,0.6,-6.4,1.37,2.387,0,0,BallCalled,R,R,2026-09-05
OPP-11,H05,Changeup,80.7,1932,11.6,9.3,-0.218,2.684,1,0,StrikeSwinging,R,R,2026-09-05
OPP-11,H05,Fastball,92.0,2181,11.9,7.8,0.247,3.173,1,1,FoulBall,R,R,2026-09-05
OPP-11,H05,Fastball,90.3,2215,13.0,10.6,0.568,4.362,1,2,BallCalled,R,R,2026-09-05
OPP-11,H05,Slider,77.3,2307,3.6,-0.4,-1.583,1.196,2,2,BallCalled,R,R,2026-09-05
OPP-11,H05,Fastball,91.0,2355,14.9,8.6,1.756,1.185,3,2,BallCalled,R,R,2026-09-05
OPP-11,H06,Slider,82.2,2410,2.4,-5.3,-0.667,1.457,0,0,BallCalled,R,R,2026-09-05
OPP-11,H06,Changeup,81.1,1556,8.2,11.9,0.659,1.555,1,0,InPlay,R,R,2026-09-05
OPP-11,H05,Fastball,91.1,2283,13.6,8.3,-1.49,4.871,0,0,StrikeSwinging,R,R,2026-09-05
OPP-11,H05,Fastball,91.8,2105,15.1,9.4,2.53,2.141,0,1,BallCalled,R,R,2026-09-05
OPP-11,H05,Fastball,92.3,2380,13.3,9.0,0.059,2.497,1,1,InPlay,R,R,2026-09-05
OPP-11,H09,Fastball,92.8,2153,16.8,3.7,-0.338,4.386,0,0,BallCalled,R,R,2026-09-05
OPP-11,H09,Fastball,94.2,2174,13.0,14.6,0.536,2.903,1,0,FoulBall,R,R,2026-09-05
OPP-11,H09,Fastball,87.7,2257,11.0,8.6,-0.267,1.829,1,1,StrikeCalled,R,R,2026-09-05
OPP-11,H09,Fastball,91.1,2169,14.8,9.8,-0.675,3.355,1,2,StrikeCalled,R,R,2026-09-05
OPP-11,H05,Fastball,91.4,2326,12.6,13.5,1.364,2.26,0,0,BallCalled,R,R,2026-09-05
OPP-11,H05,Fastball,90.1,2266,17.0,7.8,0.055,2.25,1,0,StrikeCalled,R,R,2026-09-05
OPP-11,H05,Changeup,82.8,1783,6.7,14.2,-0.342,2.884,1,1,StrikeCalled,R,R,2026-09-05
OPP-11,H05,Curveball,75.2,2577,-5.3,-11.7,-0.676,4.104,1,2,InPlay,R,R,2026-09-05
OPP-11,H08,Fastball,91.7,2247,14.1,10.4,0.329,2.631,0,0,StrikeCalled,R,R,2026-09-05
OPP-11,H08,Slider,81.5,2228,1.9,-4.9,-0.753,2.94,0,1,FoulBall,R,R,2026-09-05
OPP-11,H08,Changeup,82.2,1895,6.7,12.1,-0.562,2.473,0,2,InPlay,R,R,2026-09-05
OPP-11,H02,Fastball,90.2,2332,15.9,15.6,1.639,1.994,0,0,FoulBall,L,R,2026-09-05
OPP-11,H02,Slider,82.3,2484,-0.5,-2.0,-3.044,2.786,0,1,BallCalled,L,R,2026-09-05
OPP-11,H02,Slider,80.5,2281,2.5,-5.2,-0.898,2.612,1,1,InPlay,L,R,2026-09-05
OPP-11,H02,Slider,82.2,2555,-0.5,-6.1,1.269,0.728,0,0,BallCalled,L,R,2026-09-05
OPP-11,H02,Fastball,90.0,2187,14.8,6.2,0.069,3.042,1,0,StrikeCalled,L,R,2026-09-05
OPP-11,H02,Changeup,84.6,2068,6.0,18.1,0.786,1.301,1,1,InPlay,L,R,2026-09-05
OPP-11,H08,Fastball,89.9,2369,12.8,7.0,-0.734,2.97,0,0,InPlay,R,R,2026-09-05
OPP-11,H02,Fastball,90.4,2310,15.7,6.1,-0.684,2.735,0,0,FoulBall,R,R,2026-09-05
OPP-11,H02,Fastball,90.0,2316,15.6,9.8,1.752,4.38,0,1,BallCalled,R,R,2026-09-05
OPP-11,H02,Slider,78.9,2573,1.0,-6.7,0.516,1.15,1,1,BallCalled,R,R,2026-09-05
OPP-11,H02,Fastball,90.8,2315,15.6,13.4,-0.886,2.286,2,1,HitByPitch,R,R,2026-09-05
OPP-11,H03,Changeup,83.3,1555,8.2,15.2,0.297,1.3,0,0,BallCalled,L,R,2026-09-05
OPP-11,H03,Changeup,82.5,1650,7.7,10.2,0.637,1.808,1,0,StrikeCalled,L,R,2026-09-05
OPP-11,H03,Fastball,91.7,2034,17.4,8.2,-1.039,2.197,1,1,BallCalled,L,R,2026-09-05
OPP-11,H03,Fastball,89.7,2327,14.6,4.5,-0.262,2.566,2,1,StrikeCalled,L,R,2026-09-05
OPP-11,H03,Changeup,82.4,1892,8.3,14.1,1.244,0.736,2,2,InPlay,L,R,2026-09-05
OPP-11,H03,Slider,82.4,2293,2.2,-8.9,-1.289,2.645,0,0,StrikeSwinging,L,R,2026-09-05
OPP-11,H03,Curveball,78.7,2565,-6.8,-8.5,-0.245,3.101,0,1,StrikeCalled,L,R,2026-09-05
OPP-11,H03,Fastball,88.1,2198,11.5,6.9,-0.112,3.52,0,2,BallCalled,L,R,2026-09-05
OPP-11,H03,Changeup,82.2,1976,5.5,13.3,0.745,-0.147,1,2,BallCalled,L,R,2026-09-05
OPP-11,H03,Fastball,89.5,2243,15.0,11.2,2.32,3.222,2,2,BallCalled,L,R,2026-09-05
OPP-11,H03,Fastball,89.9,2171,11.2,4.2,-0.118,1.945,3,2,StrikeSwinging,L,R,2026-09-05
OPP-11,H04,Slider,79.2,2214,3.5,-8.0,-0.121,2.196,0,0,InPlay,L,R,2026-09-05
OPP-11,H02,Fastball,90.9,2147,16.1,14.5,-0.249,1.699,0,0,StrikeCalled,R,R,2026-09-05
OPP-11,H02,Fastball,90.2,2442,12.6,13.7,-0.246,3.351,0,1,FoulBall,R,R,2026-09-05
OPP-11,H02,Fastball,90.0,2225,14.4,8.1,-1.093,3.177,0,2,BallCalled,R,R,2026-09-05
OPP-11,H02,Changeup,82.8,1814,5.4,12.3,-1.366,2.543,1,2,StrikeSwinging,R,R,2026-09-05
OPP-11,H01,Slider,80.5,2475,3.9,-7.0,0.578,3.179,0,0,InPlay,L,R,2026-09-05
OPP-11,H07,Slider,81.0,2308,2.8,-3.4,0.438,0.017,0,0,BallCalled,R,R,2026-09-05
OPP-11,H07,Slider,81.6,2304,1.0,-6.1,0.193,1.519,1,0,StrikeCalled,R,R,2026-09-05
OPP-11,H07,Fastball,90.4,2237,11.7,6.3,-0.54,2.877,1,1,StrikeCalled,R,R,2026-09-05
OPP-11,H07,Fastball,92.3,2167,15.4,8.0,-0.932,4.361,1,2,FoulBall,R,R,2026-09-05
OPP-11,H07,Slider,79.1,2081,0.1,-5.4,-1.529,4.056,1,2,StrikeSwinging,R,R,2026-09-05
OPP-11,H09,Curveball,76.7,2452,-4.0,-7.3,-1.459,2.908,0,0,BallCalled,L,R,2026-09-05
OPP-11,H09,Fastball,89.7,2455,14.7,11.1,0.04,2.765,1,0,StrikeCalled,L,R,2026-09-05
OPP-11,H09,Fastball,90.3,2139,16.7,13.1,0.374,3.108,1,1,StrikeCalled,L,R,2026-09-05
OPP-11,H09,Fastball,90.8,2171,16.2,2.8,1.489,3.379,1,2,InPlay,L,R,2026-09-05
OPP-11,H04,Fastball,90.1,2221,13.2,8.8,1.139,2.513,0,0,BallCalled,R,R,2026-09-05
OPP-11,H04,Fastball,88.3,2213,12.7,14.3,0.982,2.883,1,0,BallCalled,R,R,2026-09-05
OPP-11,H04,Fastball,91.2,2335,14.3,7.9,-0.027,2.949,2,0,FoulBall,R,R,2026-09-05
OPP-11,H04,Slider,80.4,2314,4.1,-9.4,-0.476,2.302,2,1,StrikeCalled,R,R,2026-09-05
OPP-11,H04,Slider,82.3,2187,1.6,-3.7,1.217,2.316,2,2,BallCalled,R,R,2026-09-05
OPP-11,H04,Fastball,90.1,2428,16.6,10.1,0.032,4.286,3,2,InPlay,R,R,2026-09-05
OPP-11,H07,Slider,79.6,2556,5.2,-8.7,0.181,1.876,0,0,StrikeSwinging,L,R,2026-09-05
OPP-11,H07,Slider,76.9,2475,1.5,-10.8,0.292,1.436,0,1,FoulBall,L,R,2026-09-05
OPP-11,H07,Slider,79.5,2063,2.9,-3.4,-0.127,2.058,0,2,FoulBall,L,R,2026-09-05
OPP-11,H07,Changeup,80.8,1695,11.7,12.0,-0.73,2.545,0,2,InPlay,L,R,2026-09-05
OPP-11,H01,Fastball,89.2,2230,11.1,13.0,-0.432,2.784,0,0,HitByPitch,L,R,2026-09-05
OPP-11,H07,Fastball,91.5,2315,13.7,10.8,0.138,4.188,0,0,FoulBall,R,R,2026-09-05
OPP-11,H07,Slider,78.9,2200,1.2,-3.5,-0.418,2.172,0,1,StrikeCalled,R,R,2026-09-05
OPP-11,H07,Slider,80.2,2380,2.8,-3.0,-0.935,3.034,0,2,BallCalled,R,R,2026-09-05
OPP-11,H07,Fastball,86.9,2330,14.2,16.8,0.018,2.077,1,2,InPlay,R,R,2026-09-05
OPP-11,H06,Fastball,92.6,2190,13.8,10.1,-1.283,1.292,0,0,BallCalled,L,R,2026-09-05
OPP-11,H06,Slider,82.0,2580,6.9,-5.8,-0.504,1.478,1,0,BallCalled,L,R,2026-09-05
OPP-11,H06,Fastball,91.1,2151,13.3,14.1,-0.574,2.145,2,0,FoulBall,L,R,2026-09-05
OPP-11,H06,Fastball,93.0,2220,15.6,9.4,-0.588,1.824,2,1,StrikeCalled,L,R,2026-09-05
OPP-11,H06,Slider,79.6,2456,5.9,-10.9,-0.762,0.135,2,2,StrikeSwinging,L,R,2026-09-05
OPP-11,H03,Fastball,91.9,2076,19.0,8.7,0.037,2.95,0,0,StrikeSwinging,R,R,2026-09-06
OPP-11,H03,Slider,84.5,2367,0.2,-3.3,-1.568,3.895,0,1,StrikeSwinging,R,R,2026-09-06
OPP-11,H03,Changeup,83.8,1786,15.3,17.8,0.528,-0.371,0,2,BallCalled,R,R,2026-09-06
OPP-11,H03,Fastball,89.7,2097,14.2,10.4,-1.396,2.176,1,2,FoulBall,R,R,2026-09-06
OPP-11,H03,Slider,83.5,2465,7.4,-9.5,-1.109,2.401,1,2,BallCalled,R,R,2026-09-06
OPP-11,H03,Changeup,82.4,1821,6.6,8.1,-0.435,2.391,2,2,StrikeCalled,R,R,2026-09-06
OPP-11,H03,Changeup,81.1,1689,10.4,15.5,-0.84,1.509,0,0,BallCalled,R,R,2026-09-06
OPP-11,H03,Fastball,91.5,2292,11.1,16.6,0.15,2.445,1,0,StrikeCalled,R,R,2026-09-06
OPP-11,H03,Fastball,92.3,2067,17.0,11.6,-1.606,4.673,1,1,BallCalled,R,R,2026-09-06
OPP-11,H03,Fastball,91.5,2165,12.5,8.0,0.616,2.906,2,1,StrikeCalled,R,R,2026-09-06
OPP-11,H03,Slider,82.5,2613,7.4,-8.1,-1.512,1.992,2,2,BallCalled,R,R,2026-09-06
OPP-11,H03,Slider,79.9,2579,-1.5,-7.6,-0.524,0.815,3,2,InPlay,R,R,2026-09-06
OPP-11,H04,Fastball,91.2,2137,15.1,10.0,-0.248,2.384,0,0,StrikeSwinging,L,R,2026-09-06
OPP-11,H04,Fastball,90.1,2240,10.3,3.7,0.611,2.154,0,1,StrikeCalled,L,R,2026-09-06
OPP-11,H04,Changeup,83.5,1652,12.1,6.9,-1.619,-0.54,0,2,BallCalled,L,R,2026-09-06
OPP-11,H04,Slider,83.5,2705,-0.7,-6.6,1.484,3.875,1,2,BallCalled,L,R,2026-09-06
OPP-11,H04,Slider,79.7,2399,4.2,-10.2,-0.644,-1.086,2,2,BallCalled,L,R,2026-09-06
OPP-11,H04,Slider,80.1,2288,4.6,-9.9,-1.502,2.96,3,2,BallCalled,L,R,2026-09-06
OPP-11,H06,Fastball,88.5,2344,14.1,7.1,2.389,2.688,0,0,BallCalled,R,R,2026-09-06
OPP-11,H06,Fastball,89.8,2262,14.9,6.6,-0.22,2.949,1,0,StrikeCalled,R,R,2026-09-06
OPP-11,H06,Fastball,89.8,2193,17.0,12.7,-0.804,2.017,1,1,InPlay,R,R,2026-09-06
OPP-11,H07,Curveball,77.1,2433,-4.1,-12.9,1.908,1.49,0,0,BallCalled,L,R,2026-09-06
OPP-11,H07,Fastball,89.8,2518,17.4,10.5,0.324,2.662,1,0,InPlay,L,R,2026-09-06
OPP-11,H06,Fastball,90.3,2227,12.8,10.2,-0.371,2.406,0,0,FoulBall,R,R,2026-09-06
OPP-11,H06,Fastball,87.8,2435,15.4,12.7,-0.236,2.145,0,1,FoulBall,R,R,2026-09-06
OPP-11,H06,Slider,82.0,2366,-0.5,-10.0,0.033,1.005,0,2,BallCalled,R,R,2026-09-06
OPP-11,H06,Curveball,78.5,2547,-1.4,-7.7,1.122,1.854,1,2,FoulBall,R,R,2026-09-06
OPP-11,H06,Slider,80.4,2498,-4.4,-6.2,0.585,1.791,1,2,FoulBall,R,R,2026-09-06
OPP-11,H06,Changeup,83.6,1780,10.3,7.4,0.571,-0.864,1,2,BallCalled,R,R,2026-09-06
OPP-11,H06,Fastball,90.1,2193,12.9,9.5,1.275,2.848,2,2,BallCalled,R,R,2026-09-06
OPP-11,H06,Slider,78.4,2475,2.7,-0.5,-0.28,2.525,3,2,InPlay,R,R,2026-09-06
OPP-11,H07,Fastball,88.7,2139,13.0,8.7,0.545,2.659,0,0,StrikeSwinging,L,R,2026-09-06
OPP-11,H07,Fastball,92.5,2274,13.4,7.8,0.007,3.163,0,1,StrikeCalled,L,R,2026-09-06
OPP-11,H07,Fastball,88.0,2133,18.0,5.0,0.59,4.221,0,2,BallCalled,L,R,2026-09-06
OPP-11,H07,Changeup,81.6,1729,12.6,11.4,-1.282,2.95,1,2,BallCalled,L,R,2026-09-06
OPP-11,H07,Changeup,80.9,1837,7.0,14.4,-0.734,1.206,2,2,BallCalled,L,R,2026-09-06
OPP-11,H07,Fastball,89.7,2289,12.6,9.7,-0.697,3.709,3,2,StrikeSwinging,L,R,2026-09-06
OPP-11,H08,Fastball,90.8,2277,14.9,6.8,-1.038,2.943,0,0,BallCalled,L,R,2026-09-06
OPP-11,H08,Fastball,88.9,2266,15.5,13.8,0.792,3.234,1,0,StrikeCalled,L,R,2026-09-06
OPP-11,H08,Changeup,81.2,1530,9.4,10.8,1.215,2.967,1,1,InPlay,L,R,2026-09-06
OPP-11,H06,Slider,82.9,2484,3.2,-7.4,0.129,2.145,0,0,FoulBall,R,R,2026-09-06
OPP-11,H06,Curveball,74.3,2580,-3.7,-10.7,-0.422,1.661,0,1,StrikeSwinging,R,R,2026-09-06
OPP-11,H06,Fastball,89.4,2268,16.5,13.1,0.646,1.52,0,2,StrikeCalled,R,R,2026-09-06
OPP-11,H07,Slider,80.3,2410,1.4,-6.9,-0.953,0.996,0,0,BallCalled,R,R,2026-09-06
OPP-11,H07,Slider,80.2,2122,4.5,-6.4,-0.009,2.545,1,0,StrikeSwinging,R,R,2026-09-06
OPP-11,H07,Fastball,91.3,2107,13.2,5.4,1.427,2.789,1,1,BallCalled,R,R,2026-09-06
OPP-11,H07,Fastball,89.0,2056,15.4,14.2,0.596,2.889,2,1,StrikeCalled,R,R,2026-09-06
OPP-11,H07,Slider,80.7,2461,4.0,-3.6,0.822,2.766,2,2,StrikeSwinging,R,R,2026-09-06
OPP-11,H04,Fastball,94.2,2285,16.2,9.4,0.329,1.552,0,0,FoulBall,R,R,2026-09-06
OPP-11,H04,Fastball,89.6,2241,15.2,8.7,-0.594,2.962,0,1,StrikeCalled,R,R,2026-09-06
OPP-11,H04,Slider,81.9,1995,3.3,-7.4,0.288,2.239,0,2,StrikeSwinging,R,R,2026-09-06
OPP-11,H06,Fastball,92.8,2239,14.4,5.3,-0.262,1.814,0,0,StrikeSwinging,L,R,2026-09-06
OPP-11,H06,Fastball,90.6,2348,13.6,16.4,0.453,0.455,0,1,BallCalled,L,R,2026-09-06
OPP-11,H06,Fastball,91.4,2296,18.9,11.6,0.153,1.965,1,1,InPlay,L,R,2026-09-06
OPP-11,H09,Fastball,88.7,2418,12.4,5.9,0.363,1.727,0,0,StrikeCalled,L,R,2026-09-06
OPP-11,H09,Changeup,83.7,1680,9.5,13.3,-1.222,2.928,0,1,BallCalled,L,R,2026-09-06
OPP-11,H09,Fastball,90.8,2315,14.6,8.5,0.375,3.876,1,1,BallCalled,L,R,2026-09-06
OPP-11,H09,Fastball,89.0,2309,17.2,8.8,-0.249,2.901,2,1,StrikeCalled,L,R,2026-09-06
OPP-11,H09,Slider,80.8,2468,1.4,-9.8,0.233,2.018,2,2,InPlay,L,R,2026-09-06
OPP-11,H05,Fastball,92.1,2212,15.8,8.6,0.309,2.691,0,0,StrikeCalled,L,R,2026-09-06
OPP-11,H05,Fastball,91.6,1886,14.1,12.7,-2.265,3.32,0,1,BallCalled,L,R,2026-09-06
OPP-11,H05,Fastball,91.5,2296,15.3,8.3,-0.435,2.75,1,1,StrikeCalled,L,R,2026-09-06
OPP-11,H05,Fastball,91.4,2141,15.0,6.9,0.603,0.058,1,2,StrikeSwinging,L,R,2026-09-06
OPP-11,H05,Slider,82.4,2349,-2.3,-2.3,-0.172,1.447,0,0,BallCalled,R,R,2026-09-06
OPP-11,H05,Fastball,91.5,2230,17.0,9.5,-0.51,2.015,1,0,StrikeCalled,R,R,2026-09-06
OPP-11,H05,Fastball,91.5,2350,15.7,9.1,-0.504,2.974,1,1,StrikeCalled,R,R,2026-09-06
OPP-11,H05,Fastball,91.6,2108,13.8,13.0,0.991,4.686,1,2,BallCalled,R,R,2026-09-06
OPP-11,H05,Fastball,92.0,2071,11.9,9.8,-0.462,2.449,2,2,FoulBall,R,R,2026-09-06
OPP-11,H05,Changeup,81.4,1853,4.7,8.4,2.119,3.506,2,2,BallCalled,R,R,2026-09-06
OPP-11,H05,Curveball,73.7,2105,-1.5,-11.5,-1.237,4.03,3,2,FoulBall,R,R,2026-09-06
OPP-11,H05,Curveball,75.8,2290,-5.8,-10.8,2.413,3.432,3,2,BallCalled,R,R,2026-09-06
OPP-11,H08,Fastball,91.0,2428,15.6,9.9,-1.004,2.823,0,0,BallCalled,R,R,2026-09-06
OPP-11,H08,Fastball,91.7,2244,14.0,7.5,-0.254,2.753,1,0,FoulBall,R,R,2026-09-06
OPP-11,H08,Fastball,90.5,2234,14.1,17.4,-1.058,1.824,1,1,BallCalled,R,R,2026-09-06
OPP-11,H08,Fastball,93.2,2017,15.8,9.1,-0.411,2.441,2,1,FoulBall,R,R,2026-09-06
OPP-11,H08,Slider,80.2,2413,-1.1,-10.4,-1.435,1.809,2,2,InPlay,R,R,2026-09-06
OPP-11,H09,Fastball,90.4,2217,13.3,10.2,-0.198,2.777,0,0,InPlay,R,R,2026-09-06
OPP-11,H07,Fastball,89.2,2259,17.5,4.9,0.121,2.436,0,0,FoulBall,R,R,2026-09-06
OPP-11,H07,Slider,81.9,2293,3.4,-5.3,0.108,3.619,0,1,BallCalled,R,R,2026-09-06
OPP-11,H07,Changeup,83.2,1745,7.0,14.7,-0.603,0.939,1,1,StrikeSwinging,R,R,2026-09-06
OPP-11,H07,Changeup,82.9,1920,8.8,12.3,0.644,2.637,1,2,InPlay,R,R,2026-09-06
OPP-11,H05,Curveball,74.2,2400,-12.5,-6.6,-0.353,2.012,0,0,FoulBall,R,R,2026-09-06
OPP-11,H05,Fastball,90.6,2399,11.9,6.0,-0.23,0.701,0,1,BallCalled,R,R,2026-09-06
OPP-11,H05,Fastball,90.9,2212,15.6,12.3,-0.005,1.674,1,1,StrikeCalled,R,R,2026-09-06
OPP-11,H05,Fastball,88.1,2182,11.7,3.3,-0.583,3.212,1,2,StrikeSwinging,R,R,2026-09-06
OPP-11,H05,Fastball,89.5,2081,12.4,12.1,-1.415,2.913,0,0,BallCalled,R,R,2026-09-06
OPP-11,H05,Fastball,91.9,2375,16.7,10.1,-0.187,3.074,1,0,StrikeCalled,R,R,2026-09-06
OPP-11,H05,Fastball,91.5,2195,15.2,4.6,0.248,3.558,1,1,BallCalled,R,R,2026-09-06
OPP-11,H05,Fastball,88.7,2242,11.6,5.4,0.076,2.595,2,1,StrikeCalled,R,R,2026-09-06
OPP-11,H05,Fastball,89.2,2405,16.3,9.0,0.782,3.366,2,2,StrikeSwinging,R,R,2026-09-06
OPP-11,H03,Fastball,90.2,2274,13.8,12.2,-0.724,3.675,0,0,InPlay,R,R,2026-09-06
OPP-11,H06,Fastball,90.7,1967,20.2,8.6,-1.237,2.905,0,0,BallCalled,R,R,2026-09-06
OPP-11,H06,Fastball,91.9,2076,14.0,7.8,0.085,2.921,1,0,FoulBall,R,R,2026-09-06
OPP-11,H06,Fastball,91.9,2177,16.8,13.1,-0.075,2.238,1,1,FoulBall,R,R,2026-09-06
OPP-11,H06,Slider,81.1,2323,2.7,-2.9,-1.828,-0.538,1,2,BallCalled,R,R,2026-09-06
OPP-11,H06,Fastball,91.6,2229,15.3,10.8,-0.772,0.271,2,2,StrikeSwinging,R,R,2026-09-06
OPP-11,H04,Fastball,90.7,2200,14.3,8.4,-0.317,2.962,0,0,StrikeSwinging,R,R,2026-09-06
OPP-11,H04,Fastball,89.8,2203,12.3,12.9,0.956,2.127,0,1,BallCalled,R,R,2026-09-06
OPP-11,H04,Fastball,89.9,2276,13.2,9.5,-0.172,3.405,1,1,StrikeCalled,R,R,2026-09-06
OPP-11,H04,Changeup,81.6,1702,11.5,11.9,1.376,0.972,1,2,BallCalled,R,R,2026-09-06
OPP-11,H04,Fastball,91.2,2122,17.4,9.8,0.288,3.28,2,2,FoulBall,R,R,2026-09-06
OPP-11,H04,Slider,81.8,2217,-1.6,-5.1,-1.996,2.93,2,2,FoulBall,R,R,2026-09-06
OPP-11,H04,Fastball,90.0,2245,13.4,9.7,-1.423,2.905,2,2,FoulBall,R,R,2026-09-06
OPP-11,H04,Fastball,90.1,2270,15.5,11.7,-0.9,2.725,2,2,BallCalled,R,R,2026-09-06
OPP-11,H04,Slider,82.0,2325,1.8,-7.7,0.112,2.212,3,2,StrikeCalled,R,R,2026-09-06
OPP-24,H06,Changeup,84.7,1781,9.3,12.4,0.506,1.295,0,0,BallCalled,L,L,2026-09-04
OPP-24,H06,Fastball,92.3,2314,13.7,3.7,-0.278,1.954,1,0,InPlay,L,L,2026-09-04
OPP-24,H09,Fastball,91.3,2197,14.1,13.0,0.399,2.334,0,0,InPlay,R,L,2026-09-04
OPP-24,H09,Slider,79.9,2440,3.9,-10.2,-0.021,1.758,0,0,StrikeCalled,L,L,2026-09-04
OPP-24,H09,Slider,82.2,2012,-1.4,-4.7,-1.072,2.016,0,1,StrikeSwinging,L,L,2026-09-04
OPP-24,H09,Changeup,81.5,1731,8.9,9.4,-0.493,2.314,0,2,FoulBall,L,L,2026-09-04
OPP-24,H09,Slider,79.2,2223,3.4,-7.3,-0.51,-0.729,0,2,FoulBall,L,L,2026-09-04
OPP-24,H09,Curveball,77.1,2658,-5.1,-10.8,0.639,3.192,0,2,InPlay,L,L,2026-09-04
OPP-24,H01,Changeup,82.9,1888,11.0,8.6,-0.543,2.375,0,0,FoulBall,R,L,2026-09-04
OPP-24,H01,Slider,78.0,2512,5.6,-7.0,2.326,4.089,0,1,StrikeSwinging,R,L,2026-09-04
OPP-24,H01,Fastball,91.8,2248,13.3,7.7,-0.391,2.298,0,2,InPlay,R,L,2026-09-04
OPP-24,H01,Fastball,88.9,2221,12.5,8.3,-0.172,3.84,0,0,FoulBall,R,L,2026-09-04
OPP-24,H01,Changeup,82.4,1762,9.5,16.2,-0.218,4.173,0,1,StrikeSwinging,R,L,2026-09-04
OPP-24,H01,Slider,78.4,2478,0.3,-7.9,0.311,1.995,0,2,InPlay,R,L,2026-09-04
OPP-24,H05,Fastball,90.4,2288,17.5,4.8,0.193,1.997,0,0,HitByPitch,R,L,2026-09-04
OPP-24,H06,Curveball,71.2,2501,-1.4,-12.7,0.096,1.243,0,0,BallCalled,R,L,2026-09-04
OPP-24,H06,Fastball,90.6,2164,18.2,7.9,-0.096,2.398,1,0,StrikeCalled,R,L,2026-09-04
OPP-24,H06,Slider,81.4,2488,-0.6,-2.8,-0.375,2.61,1,1,StrikeCalled,R,L,2026-09-04
OPP-24,H06,Changeup,82.8,1600,5.4,8.7,-1.363,1.801,1,2,BallCalled,R,L,2026-09-04
OPP-24,H06,Fastball,88.8,2360,18.8,6.5,-1.672,3.648,2,2,BallCalled,R,L,2026-09-04
OPP-24,H06,Changeup,83.2,1654,6.4,8.7,-2.979,0.709,3,2,BallCalled,R,L,2026-09-04
OPP-24,H06,Fastball,91.0,2143,15.4,14.2,1.041,2.205,0,0,BallCalled,L,L,2026-09-04
OPP-24,H06,Fastball,89.4,2053,16.0,11.5,-0.529,2.84,1,0,FoulBall,L,L,2026-09-04
OPP-24,H06,Slider,78.9,2185,3.9,-7.4,-0.564,3.011,1,1,InPlay,L,L,2026-09-04
OPP-24,H06,Fastball,89.4,2228,14.6,9.2,0.142,1.27,0,0,BallCalled,L,L,2026-09-04
OPP-24,H06,Fastball,92.1,2291,15.8,10.4,0.271,2.744,1,0,InPlay,L,L,2026-09-04
OPP-24,H06,Fastball,89.9,2280,14.1,11.1,-0.781,2.181,0,0,StrikeSwinging,L,L,2026-09-04
OPP-24,H06,Fastball,90.4,2199,16.8,6.5,0.135,2.795,0,1,FoulBall,L,L,2026-09-04
OPP-24,H06,Slider,82.4,2356,6.0,-8.3,-2.1,1.589,0,2,FoulBall,L,L,2026-09-04
OPP-24,H06,Slider,79.4,2216,4.1,-6.7,1.991,2.041,0,2,StrikeSwinging,L,L,2026-09-04
OPP-24,H09,Slider,78.8,2316,6.1,-4.3,0.043,2.081,0,0,StrikeSwinging,R,L,2026-09-04
OPP-24,H09,Curveball,75.3,2346,-4.9,-10.4,0.77,1.935,0,1,FoulBall,R,L,2026-09-04
OPP-24,H09,Fastball,90.1,2264,12.7,8.1,2.578,3.042,0,2,BallCalled,R,L,2026-09-04
OPP-24,H09,Slider,81.9,2302,0.5,-3.9,-0.773,3.859,1,2,InPlay,R,L,2026-09-04
OPP-24,H02,Slider,81.3,2446,0.7,-1.1,0.582,2.813,0,0,StrikeSwinging,R,L,2026-09-04
OPP-24,H02,Slider,81.4,2251,-3.2,-5.6,1.294,1.958,0,1,FoulBall,R,L,2026-09-04
OPP-24,H02,Slider,81.1,2101,2.3,-1.5,0.111,-0.06,0,2,InPlay,R,L,2026-09-04
OPP-24,H05,Fastball,92.3,2412,19.2,7.7,0.66,2.916,0,0,StrikeCalled,R,L,2026-09-04
OPP-24,H05,Changeup,81.0,1713,6.8,8.3,1.145,0.516,0,1,HitByPitch,R,L,2026-09-04
OPP-24,H02,Slider,84.9,2453,-0.6,-5.8,-0.747,1.434,0,0,BallCalled,L,L,2026-09-04
OPP-24,H02,Fastball,92.0,2125,14.2,13.9,-0.058,2.448,1,0,InPlay,L,L,2026-09-04
OPP-24,H06,Changeup,86.1,1708,2.5,12.3,-0.57,2.745,0,0,StrikeCalled,L,L,2026-09-04
OPP-24,H06,Fastball,91.9,2072,16.0,7.7,-0.897,1.778,0,1,BallCalled,L,L,2026-09-04
OPP-24,H06,Changeup,81.3,1872,10.8,13.0,-1.268,0.327,1,1,BallCalled,L,L,2026-09-04
OPP-24,H06,Fastball,91.6,2339,14.2,10.4,-0.411,2.807,2,1,FoulBall,L,L,2026-09-04
OPP-24,H06,Slider,79.4,2259,0.5,-3.4,-0.047,2.142,2,2,StrikeCalled,L,L,2026-09-04
OPP-24,H09,Fastball,89.9,2280,19.8,9.5,0.676,1.852,0,0,FoulBall,R,L,2026-09-04
OPP-24,H09,Fastball,90.7,2166,13.2,9.8,-0.561,1.532,0,1,StrikeCalled,R,L,2026-09-04
OPP-24,H09,Changeup,83.0,2060,6.2,13.2,0.457,2.191,0,2,InPlay,R,L,2026-09-04
OPP-24,H04,Fastball,89.9,2187,16.1,3.5,0.833,3.121,0,0,BallCalled,R,L,2026-09-04
OPP-24,H04,Fastball,89.2,2137,15.1,8.3,-0.924,3.142,1,0,BallCalled,R,L,2026-09-04
OPP-24,H04,Fastball,93.2,2182,12.0,3.0,0.028,2.47,2,0,FoulBall,R,L,2026-09-04
OPP-24,H04,Fastball,90.4,1978,12.4,6.2,-0.331,2.652,2,1,FoulBall,R,L,2026-09-04
OPP-24,H04,Curveball,74.7,2551,-7.4,-14.1,0.189,1.225,2,2,StrikeSwinging,R,L,2026-09-04
OPP-24,H08,Slider,83.2,2205,1.0,-10.4,-0.669,2.564,0,0,StrikeSwinging,R,L,2026-09-04
OPP-24,H08,Fastball,90.6,2411,16.4,11.2,-0.417,3.209,0,1,StrikeCalled,R,L,2026-09-04
OPP-24,H08,Changeup,81.6,1563,10.0,15.1,0.82,1.852,0,2,InPlay,R,L,2026-09-04
OPP-24,H09,Fastball,87.6,2273,16.4,6.0,-0.831,2.811,0,0,InPlay,R,L,2026-09-04
OPP-24,H05,Fastball,91.2,2274,16.3,10.2,-0.652,2.262,0,0,FoulBall,L,L,2026-09-04
OPP-24,H05,Fastball,89.9,2446,15.4,15.3,-0.149,1.413,0,1,BallCalled,L,L,2026-09-04
OPP-24,H05,Fastball,90.1,2079,13.3,8.1,-1.125,3.851,1,1,StrikeSwinging,L,L,2026-09-04
OPP-24,H05,Curveball,77.8,2332,-4.7,-0.1,-0.109,5.224,1,2,InPlay,L,L,2026-09-04
OPP-24,H06,Curveball,78.6,2499,-10.7,-2.8,-1.318,2.191,0,0,BallCalled,L,L,2026-09-04
OPP-24,H06,Fastball,90.4,2239,13.0,6.7,0.206,2.557,1,0,StrikeCalled,L,L,2026-09-04
OPP-24,H06,Changeup,82.7,1828,9.2,13.0,0.579,1.428,1,1,BallCalled,L,L,2026-09-04
OPP-24,H06,Changeup,83.4,1779,7.0,8.7,-0.325,2.296,2,1,StrikeCalled,L,L,2026-09-04
OPP-24,H06,Fastball,91.3,2237,12.8,6.6,0.233,2.189,2,2,InPlay,L,L,2026-09-04
OPP-24,H01,Slider,78.4,2369,1.3,-4.8,1.257,0.659,0,0,BallCalled,L,L,2026-09-04
OPP-24,H01,Fastball,94.1,2183,6.8,9.4,0.228,2.513,1,0,InPlay,L,L,2026-09-04
OPP-24,H04,Fastball,90.2,2241,17.7,10.7,0.11,2.226,0,0,StrikeSwinging,R,L,2026-09-04
OPP-24,H04,Changeup,83.4,1980,10.5,12.1,0.017,0.976,0,1,FoulBall,R,L,2026-09-04
OPP-24,H04,Curveball,76.0,2673,-6.5,-2.2,0.84,2.051,0,2,StrikeSwinging,R,L,2026-09-04
OPP-24,H01,Slider,81.3,2480,2.8,-8.7,-0.896,2.884,0,0,BallCalled,L,L,2026-09-04
OPP-24,H01,Changeup,82.5,1695,10.6,12.4,-0.753,1.517,1,0,StrikeCalled,L,L,2026-09-04
OPP-24,H01,Slider,81.0,2131,1.2,-3.9,1.904,1.642,1,1,StrikeSwinging,L,L,2026-09-04
OPP-24,H01,Changeup,81.9,1647,8.8,14.8,-0.244,2.754,1,2,FoulBall,L,L,2026-09-04
OPP-24,H01,Slider,81.6,2568,2.3,-10.7,1.371,1.264,1,2,BallCalled,L,L,2026-09-04
OPP-24,H01,Fastball,92.9,2129,12.2,11.7,0.764,2.637,2,2,FoulBall,L,L,2026-09-04
OPP-24,H01,Changeup,82.7,1595,7.7,7.3,-0.205,1.719,2,2,FoulBall,L,L,2026-09-04
OPP-24,H01,Curveball,74.3,2507,-3.3,-5.6,-0.192,0.417,2,2,FoulBall,L,L,2026-09-04
OPP-24,H01,Slider,79.3,2380,-0.3,-6.8,0.123,-1.77,2,2,StrikeSwinging,L,L,2026-09-04
OPP-24,H01,Changeup,80.6,1890,11.7,17.6,-0.66,2.048,0,0,FoulBall,R,L,2026-09-04
OPP-24,H01,Fastball,91.0,2094,14.8,6.3,-1.091,2.583,0,1,BallCalled,R,L,2026-09-04
OPP-24,H01,Fastball,91.5,2285,16.9,8.8,-0.411,2.112,1,1,InPlay,R,L,2026-09-04
OPP-24,H07,Fastball,90.0,2092,16.1,9.7,-0.37,1.32,0,0,BallCalled,R,L,2026-09-04
OPP-24,H07,Fastball,89.6,2201,13.4,13.6,0.655,2.904,1,0,InPlay,R,L,2026-09-04
OPP-24,H08,Fastball,91.8,2109,15.6,10.6,1.29,0.958,0,0,InPlay,R,L,2026-09-04
OPP-24,H06,Fastball,90.7,2239,13.8,9.5,-0.567,2.655,0,0,InPlay,L,L,2026-09-04
OPP-24,H01,Fastball,89.4,2132,17.4,5.2,-0.354,2.251,0,0,StrikeCalled,R,L,2026-09-04
OPP-24,H01,Changeup,82.9,1815,6.1,5.3,0.186,2.205,0,1,FoulBall,R,L,2026-09-04
OPP-24,H01,Curveball,78.6,2610,-10.1,-11.8,1.756,2.984,0,2,StrikeSwinging,R,L,2026-09-04
OPP-24,H09,Changeup,81.6,2012,6.3,15.3,0.412,1.534,0,0,InPlay,R,L,2026-09-04
OPP-24,H01,Fastball,88.6,2121,18.9,6.4,-0.521,2.217,0,0,StrikeCalled,L,L,2026-09-04
OPP-24,H01,Slider,82.7,2190,-0.9,-3.0,-0.415,4.107,0,1,StrikeSwinging,L,L,2026-09-04
OPP-24,H01,Fastball,87.0,2262,16.2,0.4,-1.825,3.371,0,2,StrikeSwinging,L,L,2026-09-04
OPP-24,H07,Fastball,90.6,2233,16.0,8.8,0.075,2.454,0,0,InPlay,L,L,2026-09-04
OPP-24,H04,Slider,82.8,2361,2.4,-10.0,0.889,1.309,0,0,BallCalled,R,L,2026-09-04
OPP-24,H04,Slider,83.2,2222,-2.8,-12.5,0.472,2.568,1,0,StrikeCalled,R,L,2026-09-04
OPP-24,H04,Slider,81.1,2349,0.1,-6.9,0.647,3.026,1,1,StrikeCalled,R,L,2026-09-04
OPP-24,H04,Slider,80.1,2466,5.1,-6.0,2.229,3.786,1,2,BallCalled,R,L,2026-09-04
OPP-24,H04,Fastball,89.4,2353,13.4,11.1,-2.973,4.021,2,2,StrikeSwinging,R,L,2026-09-04
OPP-24,H06,Fastball,89.1,2097,15.1,15.6,0.139,2.005,0,0,StrikeCalled,L,L,2026-09-05
OPP-24,H06,Slider,82.9,2442,3.0,-5.8,-0.784,2.921,0,1,InPlay,L,L,2026-09-05
OPP-24,H05,Fastball,89.3,2351,11.7,9.7,-0.324,2.317,0,0,FoulBall,R,L,2026-09-05
OPP-24,H05,Slider,85.4,2423,-0.4,-3.5,0.445,1.783,0,1,StrikeCalled,R,L,2026-09-05
OPP-24,H05,Slider,78.8,2298,-1.0,-3.1,-0.269,3.611,0,2,BallCalled,R,L,2026-09-05
OPP-24,H05,Slider,81.2,2218,2.0,-5.9,-3.17,3.297,1,2,FoulBall,R,L,2026-09-05
OPP-24,H05,Curveball,72.0,2557,-10.3,-2.9,-1.122,1.522,1,2,BallCalled,R,L,2026-09-05
OPP-24,H05,Fastball,88.7,2304,18.8,9.2,0.384,1.984,2,2,InPlay,R,L,2026-09-05
OPP-24,H06,Slider,79.3,2579,0.6,-5.6,0.283,1.714,0,0,InPlay,R,L,2026-09-05
OPP-24,H09,Curveball,72.2,2284,-7.4,-4.3,0.449,1.098,0,0,BallCalled,R,L,2026-09-05
OPP-24,H09,Fastball,90.3,2050,12.4,10.6,0.368,1.902,1,0,InPlay,R,L,2026-09-05
OPP-24,H02,Curveball,75.4,2406,-3.3,-10.9,0.422,2.826,0,0,InPlay,R,L,2026-09-05
OPP-24,H08,Slider,80.8,2233,5.2,-6.0,0.173,2.733,0,0,StrikeCalled,R,L,2026-09-05
OPP-24,H08,Curveball,75.2,2365,-6.7,-7.7,1.646,1.822,0,1,BallCalled,R,L,2026-09-05
OPP-24,H08,Fastball,91.3,2241,13.6,6.6,-0.535,2.241,1,1,StrikeCalled,R,L,2026-09-05
OPP-24,H08,Curveball,73.2,2410,-7.6,-5.4,2.696,1.789,1,2,StrikeSwinging,R,L,2026-09-05
OPP-24,H03,Changeup,83.2,1750,10.1,7.8,-1.565,3.81,0,0,BallCalled,L,L,2026-09-05
OPP-24,H03,Fastball,90.5,2303,11.8,10.4,0.316,2.75,1,0,StrikeCalled,L,L,2026-09-05
OPP-24,H03,Curveball,73.5,2480,-6.8,-1.6,-0.968,2.527,1,1,StrikeSwinging,L,L,2026-09-05
OPP-24,H03,Slider,79.5,2593,-1.7,-5.3,-0.33,1.312,1,2,StrikeSwinging,L,L,2026-09-05
OPP-24,H09,Fastball,91.8,2148,15.3,9.4,0.245,2.06,0,0,StrikeSwinging,R,L,2026-09-05
OPP-24,H09,Fastball,89.4,2495,15.9,11.0,-0.362,3.728,0,1,BallCalled,R,L,2026-09-05
OPP-24,H09,Curveball,74.4,2373,-6.8,-11.8,0.866,0.774,1,1,StrikeSwinging,R,L,2026-09-05
OPP-24,H09,Curveball,72.5,2721,-11.3,-9.6,-0.603,1.314,1,2,HitByPitch,R,L,2026-09-05
OPP-24,H09,Fastball,89.2,1943,14.3,5.9,1.589,2.477,0,0,BallCalled,R,L,2026-09-05
OPP-24,H09,Slider,80.9,2265,3.3,-5.6,0.33,2.471,1,0,InPlay,R,L,2026-09-05
OPP-24,H08,Fastball,90.5,2320,13.6,9.8,-1.514,2.462,0,0,BallCalled,L,L,2026-09-05
OPP-24,H08,Fastball,90.7,2110,15.5,12.4,0.385,2.354,1,0,StrikeCalled,L,L,2026-09-05
OPP-24,H08,Changeup,80.6,1798,11.9,12.4,-0.21,2.536,1,1,InPlay,L,L,2026-09-05
OPP-24,H06,Fastball,90.7,2215,14.3,8.9,-0.513,2.595,0,0,StrikeCalled,R,L,2026-09-05
OPP-24,H06,Fastball,91.3,2194,15.0,8.6,-0.516,3.087,0,1,InPlay,R,L,2026-09-05
OPP-24,H05,Slider,79.9,2576,0.4,-5.7,0.303,2.592,0,0,FoulBall,R,L,2026-09-05
OPP-24,H05,Curveball,75.9,2519,-10.0,-6.8,1.407,1.172,0,1,BallCalled,R,L,2026-09-05
OPP-24,H05,Changeup,82.0,1753,12.7,13.6,-0.941,2.665,1,1,BallCalled,R,L,2026-09-05
OPP-24,H05,Changeup,82.5,1778,7.3,9.4,0.134,1.455,2,1,BallCalled,R,L,2026-09-05
OPP-24,H05,Changeup,80.7,1571,10.9,12.4,0.154,1.969,3,1,FoulBall,R,L,2026-09-05
OPP-24,H05,Fastball,89.6,2216,14.3,13.7,0.16,1.911,3,2,FoulBall,R,L,2026-09-05
OPP-24,H05,Curveball,77.3,2480,-3.6,-5.9,-1.791,2.878,3,2,InPlay,R,L,2026-09-05
OPP-24,H06,Fastball,90.2,2150,17.4,7.8,1.399,3.082,0,0,BallCalled,L,L,2026-09-05
OPP-24,H06,Fastball,90.5,2274,11.7,9.8,0.161,2.48,1,0,FoulBall,L,L,2026-09-05
OPP-24,H06,Changeup,83.5,1830,7.8,12.5,-0.263,2.198,1,1,FoulBall,L,L,2026-09-05
OPP-24,H06,Slider,82.0,2494,-0.3,-5.4,-0.674,2.189,1,2,StrikeSwinging,L,L,2026-09-05
OPP-24,H02,Fastball,90.8,2301,13.9,9.8,-0.04,2.785,0,0,StrikeCalled,L,L,2026-09-05
OPP-24,H02,Curveball,74.0,2459,-6.1,-2.8,0.337,2.119,0,1,FoulBall,L,L,2026-09-05
OPP-24,H02,Curveball,73.7,2595,-7.3,-9.8,-1.189,3.871,0,2,BallCalled,L,L,2026-09-05
OPP-24,H02,Fastball,91.7,2290,16.1,10.9,0.369,2.087,1,2,StrikeCalled,L,L,2026-09-05
OPP-24,H02,Fastball,89.2,2081,15.9,7.7,-0.694,2.344,0,0,FoulBall,R,L,2026-09-05
OPP-24,H02,Fastball,89.5,2198,15.0,12.8,0.505,1.328,0,1,StrikeSwinging,R,L,2026-09-05
OPP-24,H02,Changeup,83.8,1768,8.9,9.8,-1.605,0.46,0,2,BallCalled,R,L,2026-09-05
OPP-24,H02,Changeup,82.7,1653,12.2,11.7,-0.782,1.108,1,2,BallCalled,R,L,2026-09-05
OPP-24,H02,Changeup,81.1,1802,11.1,11.6,1.347,2.836,2,2,FoulBall,R,L,2026-09-05
OPP-24,H02,Changeup,81.1,1670,8.8,8.8,0.108,0.936,2,2,StrikeSwinging,R,L,2026-09-05
OPP-24,H02,Changeup,80.7,1671,8.1,14.0,-0.362,0.932,0,0,BallCalled,R,L,2026-09-05
OPP-24,H02,Fastball,90.0,2163,13.7,6.3,-0.87,2.415,1,0,BallCalled,R,L,2026-09-05
OPP-24,H02,Fastball,90.0,2102,14.4,11.7,-0.031,3.045,2,0,StrikeCalled,R,L,2026-09-05
OPP-24,H02,Fastball,88.8,2295,17.6,7.0,0.814,2.832,2,1,StrikeCalled,R,L,2026-09-05
OPP-24,H02,Changeup,82.8,1720,9.0,13.1,0.032,-0.784,2,2,HitByPitch,R,L,2026-09-05
OPP-24,H06,Fastball,88.9,1964,14.7,3.8,0.083,3.425,0,0,InPlay,R,L,2026-09-05
OPP-24,H09,Changeup,82.5,1677,9.8,16.6,0.764,2.339,0,0,StrikeSwinging,R,L,2026-09-05
OPP-24,H09,Changeup,82.2,1710,8.6,10.3,-0.332,2.459,0,1,FoulBall,R,L,2026-09-05
OPP-24,H09,Slider,77.5,2192,7.0,-11.7,0.429,2.645,0,2,FoulBall,R,L,2026-09-05
OPP-24,H09,Slider,84.5,2345,4.8,-2.9,-0.567,4.084,0,2,FoulBall,R,L,2026-09-05
OPP-24,H09,Fastball,91.4,2275,16.1,11.7,-0.423,2.448,0,2,FoulBall,R,L,2026-09-05
OPP-24,H09,Slider,83.8,2409,0.6,-2.5,0.315,1.623,0,2,StrikeSwinging,R,L,2026-09-05
OPP-24,H07,Changeup,82.2,1750,11.0,14.6,0.014,1.679,0,0,StrikeCalled,R,L,2026-09-05
OPP-24,H07,Changeup,82.8,1922,8.2,6.9,-0.12,3.117,0,1,InPlay,R,L,2026-09-05
OPP-24,H09,Fastball,90.2,2334,16.0,9.7,0.558,2.462,0,0,StrikeCalled,R,L,2026-09-05
OPP-24,H09,Slider,82.3,2413,0.2,-10.3,-0.095,0.179,0,1,FoulBall,R,L,2026-09-05
OPP-24,H09,Fastball,90.9,2218,16.0,7.0,0.617,3.261,0,2,StrikeSwinging,R,L,2026-09-05
OPP-24,H01,Fastball,87.1,2261,14.5,6.7,-1.845,1.734,0,0,BallCalled,L,L,2026-09-05
OPP-24,H01,Fastball,90.8,2216,12.2,11.7,-0.41,2.746,1,0,StrikeCalled,L,L,2026-09-05
OPP-24,H01,Fastball,92.6,2163,15.3,9.8,0.298,2.508,1,1,StrikeCalled,L,L,2026-09-05
OPP-24,H01,Changeup,82.8,1779,7.7,14.1,1.354,2.574,1,2,StrikeSwinging,L,L,2026-09-05
OPP-24,H04,Changeup,80.1,1736,8.4,15.5,-0.586,2.48,0,0,StrikeSwinging,R,L,2026-09-05
OPP-24,H04,Fastball,92.8,2207,15.7,10.8,0.121,1.367,0,1,BallCalled,R,L,2026-09-05
OPP-24,H04,Fastball,88.3,2287,16.5,2.7,-0.674,2.84,1,1,InPlay,R,L,2026-09-05
OPP-24,H06,Fastball,92.1,2498,15.1,6.4,-0.639,1.404,0,0,FoulBall,R,L,2026-09-05
OPP-24,H06,Changeup,80.4,1983,6.2,5.5,-0.6,1.429,0,1,BallCalled,R,L,2026-09-05
OPP-24,H06,Fastball,94.2,2051,14.4,14.1,1.028,1.986,1,1,InPlay,R,L,2026-09-05
OPP-24,H08,Changeup,82.0,1727,6.5,10.1,-1.659,1.514,0,0,BallCalled,R,L,2026-09-05
OPP-24,H08,Slider,80.2,2344,0.2,-2.8,0.719,3.037,1,0,StrikeCalled,R,L,2026-09-05
OPP-24,H08,Slider,79.3,2142,6.6,-9.3,1.075,0.993,1,1,BallCalled,R,L,2026-09-05
OPP-24,H08,Slider,82.0,2124,-2.0,-5.3,0.053,1.612,2,1,StrikeCalled,R,L,2026-09-05
OPP-24,H08,Curveball,78.6,2560,-3.9,-15.0,3.21,3.897,2,2,InPlay,R,L,2026-09-05
OPP-24,H04,Slider,83.1,2036,-1.9,-7.9,-1.838,3.586,0,0,BallCalled,L,L,2026-09-05
OPP-24,H04,Fastball,90.7,2042,17.5,15.1,1.083,2.16,1,0,BallCalled,L,L,2026-09-05
OPP-24,H04,Changeup,82.7,1829,11.3,8.6,-0.53,1.103,2,0,FoulBall,L,L,2026-09-05
OPP-24,H04,Fastball,89.7,2209,12.1,4.3,0.102,2.447,2,1,InPlay,L,L,2026-09-05
OPP-24,H03,Fastball,89.7,2273,16.6,9.7,-0.079,1.488,0,0,StrikeSwinging,L,L,2026-09-05
OPP-24,H03,Slider,81.2,2434,0.4,-6.2,1.567,3.049,0,1,BallCalled,L,L,2026-09-05
OPP-24,H03,Curveball,74.2,2422,-7.0,-6.4,-1.63,2.312,1,1,BallCalled,L,L,2026-09-05
OPP-24,H03,Fastball,87.3,2351,15.6,5.1,0.74,2.263,2,1,FoulBall,L,L,2026-09-05
OPP-24,H03,Slider,81.4,2396,-2.0,-2.9,-0.619,4.216,2,2,BallCalled,L,L,2026-09-05
OPP-24,H03,Fastball,89.8,2261,17.6,13.9,0.977,3.397,3,2,BallCalled,L,L,2026-09-05
OPP-24,H08,Fastball,92.2,2216,14.5,8.9,-0.465,1.848,0,0,StrikeCalled,L,L,2026-09-05
OPP-24,H08,Curveball,77.1,2542,-5.9,-10.1,-0.246,3.828,0,1,BallCalled,L,L,2026-09-05
OPP-24,H08,Curveball,75.6,2409,-4.7,-10.8,0.384,2.03,1,1,StrikeCalled,L,L,2026-09-05
OPP-24,H08,Fastball,89.2,2250,13.2,8.8,-0.733,1.784,1,2,FoulBall,L,L,2026-09-05
OPP-24,H08,Curveball,75.1,2563,-7.8,-10.1,1.304,2.44,1,2,InPlay,L,L,2026-09-05
OPP-24,H02,Changeup,82.3,1779,12.7,11.3,-1.079,1.175,0,0,BallCalled,L,L,2026-09-05
OPP-24,H02,Fastball,92.7,2185,13.6,7.2,0.774,2.271,1,0,StrikeSwinging,L,L,2026-09-05
OPP-24,H02,Changeup,81.7,1967,11.8,10.8,0.973,2.443,1,1,StrikeSwinging,L,L,2026-09-05
OPP-24,H02,Changeup,84.3,1719,9.2,11.4,0.363,1.814,1,2,InPlay,L,L,2026-09-05
OPP-24,H09,Changeup,80.4,1422,10.6,13.9,-1.174,1.613,0,0,BallCalled,L,L,2026-09-06
OPP-24,H09,Changeup,81.3,1638,4.9,6.2,0.338,1.229,1,0,BallCalled,L,L,2026-09-06
OPP-24,H09,Fastball,87.1,2354,14.4,6.3,-0.062,2.929,2,0,FoulBall,L,L,2026-09-06
OPP-24,H09,Slider,80.2,2033,-4.3,-4.9,0.211,2.018,2,1,StrikeCalled,L,L,2026-09-06
OPP-24,H09,Fastball,92.3,2326,15.1,5.5,-1.058,3.379,2,2,BallCalled,L,L,2026-09-06
OPP-24,H09,Curveball,75.7,2563,-2.2,-4.0,0.147,0.652,3,2,StrikeSwinging,L,L,2026-09-06
OPP-24,H06,Changeup,83.5,1913,7.4,17.6,-0.766,1.327,0,0,BallCalled,R,L,2026-09-06
OPP-24,H06,Fastball,90.1,2296,17.6,10.1,1.024,2.6,1,0,BallCalled,R,L,2026-09-06
OPP-24,H06,Fastball,90.5,2003,16.3,6.7,0.958,1.858,2,0,BallCalled,R,L,2026-09-06
OPP-24,H06,Fastball,90.4,2050,17.0,7.3,0.384,1.261,3,0,BallCalled,R,L,2026-09-06
OPP-24,H08,Slider,82.2,2378,3.3,-7.9,0.141,1.369,0,0,BallCalled,L,L,2026-09-06
OPP-24,H08,Fastball,91.1,2070,15.5,15.7,-0.644,3.107,1,0,StrikeCalled,L,L,2026-09-06
OPP-24,H08,Changeup,82.5,1755,10.5,12.4,-1.856,2.102,1,1,StrikeSwinging,L,L,2026-09-06
OPP-24,H08,Changeup,83.1,1692,11.5,4.3,-1.748,2.957,1,2,BallCalled,L,L,2026-09-06
OPP-24,H08,Changeup,82.2,1796,6.0,10.8,0.936,1.115,2,2,InPlay,L,L,2026-09-06
OPP-24,H07,Fastball,91.2,2360,11.9,8.5,-0.279,2.249,0,0,InPlay,R,L,2026-09-06
OPP-24,H06,Curveball,77.2,2471,-9.9,-9.0,0.445,1.768,0,0,InPlay,R,L,2026-09-06
OPP-24,H06,Fastball,92.2,2302,17.0,2.9,-0.688,2.864,0,0,StrikeCalled,R,L,2026-09-06
OPP-24,H06,Slider,82.3,2170,0.3,-7.4,2.403,2.821,0,1,FoulBall,R,L,2026-09-06
OPP-24,H06,Slider,81.6,2320,2.3,-5.1,-0.356,2.187,0,2,FoulBall,R,L,2026-09-06
OPP-24,H06,Changeup,81.0,1834,9.6,16.2,0.958,2.313,0,2,BallCalled,R,L,2026-09-06
OPP-24,H06,Slider,83.3,2446,1.5,-10.9,-0.711,4.706,1,2,BallCalled,R,L,2026-09-06
OPP-24,H06,Changeup,83.6,1906,3.3,5.2,0.005,1.671,2,2,FoulBall,R,L,2026-09-06
OPP-24,H06,Slider,79.1,2376,4.3,-5.0,-0.072,3.239,2,2,StrikeCalled,R,L,2026-09-06
OPP-24,H03,Changeup,84.1,1719,7.3,7.2,-0.307,1.702,0,0,StrikeCalled,L,L,2026-09-06
OPP-24,H03,Curveball,78.0,2648,-3.0,-6.5,1.1,4.499,0,1,BallCalled,L,L,2026-09-06
OPP-24,H03,Slider,80.1,2487,1.1,-7.3,-0.267,1.741,1,1,StrikeCalled,L,L,2026-09-06
OPP-24,H03,Fastball,89.9,2022,19.9,14.5,-1.708,1.934,1,2,StrikeSwinging,L,L,2026-09-06
OPP-24,H04,Slider,78.6,2430,2.7,-12.5,-0.368,0.517,0,0,BallCalled,L,L,2026-09-06
OPP-24,H04,Fastball,88.6,2318,17.0,11.5,-0.539,2.826,1,0,StrikeCalled,L,L,2026-09-06
OPP-24,H04,Fastball,92.7,2120,15.8,9.8,-0.646,1.682,1,1,FoulBall,L,L,2026-09-06
OPP-24,H04,Slider,81.9,2589,2.8,-6.3,1.29,2.005,1,2,BallCalled,L,L,2026-09-06
OPP-24,H04,Slider,82.2,2353,-5.3,-11.1,-0.398,0.025,2,2,FoulBall,L,L,2026-09-06
OPP-24,H04,Changeup,82.3,1865,9.2,11.6,1.239,2.009,2,2,BallCalled,L,L,2026-09-06
OPP-24,H04,Fastball,90.6,2225,11.6,9.9,-0.522,3.266,3,2,StrikeCalled,L,L,2026-09-06
OPP-24,H03,Changeup,83.3,1784,1.8,8.3,-0.12,1.161,0,0,BallCalled,L,L,2026-09-06
OPP-24,H03,Fastball,90.1,2371,17.3,15.2,-0.671,3.755,1,0,BallCalled,L,L,2026-09-06
OPP-24,H03,Fastball,88.7,2259,15.5,11.8,-0.206,2.068,2,0,StrikeSwinging,L,L,2026-09-06
OPP-24,H03,Changeup,83.1,1606,9.2,14.2,-0.283,1.582,2,1,FoulBall,L,L,2026-09-06
OPP-24,H03,Fastball,89.1,2203,13.9,9.6,-0.308,2.016,2,2,StrikeCalled,L,L,2026-09-06
OPP-24,H02,Slider,82.1,2352,-0.4,-10.2,1.613,3.141,0,0,BallCalled,L,L,2026-09-06
OPP-24,H02,Changeup,82.1,1689,3.5,16.2,-0.746,2.484,1,0,StrikeCalled,L,L,2026-09-06
OPP-24,H02,Fastball,89.0,2330,16.8,10.2,0.557,2.779,1,1,StrikeCalled,L,L,2026-09-06
OPP-24,H02,Fastball,90.2,2213,14.2,10.8,-0.864,2.364,1,2,BallCalled,L,L,2026-09-06
OPP-24,H02,Curveball,76.9,2532,-3.6,-12.5,0.018,3.778,2,2,BallCalled,L,L,2026-09-06
OPP-24,H02,Curveball,78.6,2237,-6.3,-14.8,-0.818,0.866,3,2,BallCalled,L,L,2026-09-06
OPP-24,H09,Slider,80.2,2404,4.4,-7.8,0.479,2.555,0,0,FoulBall,L,L,2026-09-06
OPP-24,H09,Changeup,84.3,1779,5.5,16.3,-0.105,1.152,0,1,BallCalled,L,L,2026-09-06
OPP-24,H09,Changeup,81.4,1519,12.2,19.2,-0.041,0.908,1,1,BallCalled,L,L,2026-09-06
OPP-24,H09,Changeup,81.9,1879,8.0,12.9,0.199,1.757,2,1,StrikeSwinging,L,L,2026-09-06
OPP-24,H09,Fastball,92.0,2091,17.0,10.0,0.046,3.175,2,2,StrikeSwinging,L,L,2026-09-06
OPP-24,H02,Changeup,83.1,1989,6.7,8.9,-0.457,-0.065,0,0,BallCalled,R,L,2026-09-06
OPP-24,H02,Changeup,81.6,1883,12.2,12.5,-0.532,1.58,1,0,StrikeCalled,R,L,2026-09-06
OPP-24,H02,Changeup,83.2,1797,4.5,9.8,-0.554,1.011,1,1,BallCalled,R,L,2026-09-06
OPP-24,H02,Fastball,91.3,2129,15.4,6.8,0.566,2.933,2,1,StrikeCalled,R,L,2026-09-06
OPP-24,H02,Changeup,83.0,1879,11.1,15.7,-0.069,3.428,2,2,InPlay,R,L,2026-09-06
OPP-24,H04,Changeup,83.1,1452,9.6,11.2,-0.749,1.508,0,0,InPlay,R,L,2026-09-06
OPP-24,H05,Fastball,90.8,2042,16.1,14.1,-0.126,2.232,0,0,StrikeSwinging,R,L,2026-09-06
OPP-24,H05,Fastball,91.6,2395,19.3,8.2,0.688,1.856,0,1,StrikeSwinging,R,L,2026-09-06
OPP-24,H05,Fastball,91.6,2101,17.0,4.6,0.749,1.438,0,2,BallCalled,R,L,2026-09-06
OPP-24,H05,Changeup,81.2,1520,7.2,13.7,0.932,3.962,1,2,BallCalled,R,L,2026-09-06
OPP-24,H05,Changeup,82.1,1905,11.1,9.9,0.157,3.438,2,2,InPlay,R,L,2026-09-06
OPP-24,H07,Fastball,88.8,2225,13.2,4.9,0.651,3.118,0,0,StrikeSwinging,R,L,2026-09-06
OPP-24,H07,Slider,80.0,2216,1.5,-2.8,-0.376,1.232,0,1,BallCalled,R,L,2026-09-06
OPP-24,H07,Slider,80.8,2540,3.0,-6.1,0.799,1.852,1,1,StrikeCalled,R,L,2026-09-06
OPP-24,H07,Changeup,81.7,1582,7.4,16.4,-0.92,-0.709,1,2,InPlay,R,L,2026-09-06
OPP-24,H07,Slider,79.8,2262,1.1,-5.4,1.939,2.887,0,0,BallCalled,R,L,2026-09-06
OPP-24,H07,Curveball,77.1,2202,-1.8,-9.2,-0.39,1.388,1,0,BallCalled,R,L,2026-09-06
OPP-24,H07,Fastball,89.5,2355,15.8,6.1,-0.916,2.582,2,0,BallCalled,R,L,2026-09-06
OPP-24,H07,Fastball,95.4,2060,16.6,11.5,-0.972,2.969,3,0,BallCalled,R,L,2026-09-06
OPP-24,H09,Fastball,92.2,2332,16.4,8.6,-1.528,3.364,0,0,BallCalled,L,L,2026-09-06
OPP-24,H09,Fastball,87.7,2021,14.8,11.3,0.163,2.183,1,0,StrikeCalled,L,L,2026-09-06
OPP-24,H09,Fastball,88.3,2267,12.1,9.4,-0.204,2.247,1,1,FoulBall,L,L,2026-09-06
OPP-24,H09,Changeup,80.6,1648,7.1,11.7,-0.217,1.056,1,2,BallCalled,L,L,2026-09-06
OPP-24,H09,Fastball,91.3,2221,14.0,16.6,1.549,3.282,2,2,BallCalled,L,L,2026-09-06
OPP-24,H09,Slider,76.8,2469,1.1,-3.6,0.063,1.903,3,2,InPlay,L,L,2026-09-06
OPP-24,H09,Slider,83.9,2396,3.3,-3.3,-0.14,3.685,0,0,FoulBall,R,L,2026-09-06
OPP-24,H09,Changeup,84.4,1888,10.3,12.0,0.459,1.519,0,1,FoulBall,R,L,2026-09-06
OPP-24,H09,Fastball,94.2,2271,15.4,11.7,-0.133,1.946,0,2,StrikeCalled,R,L,2026-09-06
OPP-24,H03,Changeup,85.8,1873,3.7,10.0,0.696,1.544,0,0,StrikeCalled,L,L,2026-09-06
OPP-24,H03,Slider,78.6,2279,3.8,-6.9,-0.949,2.566,0,1,BallCalled,L,L,2026-09-06
OPP-24,H03,Fastball,92.8,2338,15.3,6.8,-0.509,1.758,1,1,InPlay,L,L,2026-09-06
OPP-24,H08,Fastball,89.1,2073,16.3,12.0,-1.029,1.71,0,0,BallCalled,R,L,2026-09-06
OPP-24,H08,Fastball,90.4,2330,18.9,6.1,0.109,3.031,1,0,StrikeCalled,R,L,2026-09-06
OPP-24,H08,Changeup,84.7,1695,9.2,12.1,0.807,1.47,1,1,BallCalled,R,L,2026-09-06
OPP-24,H08,Fastball,91.0,2242,14.4,4.6,-0.2,2.233,2,1,StrikeSwinging,R,L,2026-09-06
OPP-24,H08,Slider,81.7,2711,4.0,-10.0,-1.535,1.371,2,2,StrikeSwinging,R,L,2026-09-06
OPP-24,H09,Fastball,89.1,2301,19.9,11.0,-0.222,2.829,0,0,InPlay,R,L,2026-09-06
OPP-24,H06,Changeup,81.5,1534,10.3,17.8,1.343,1.794,0,0,FoulBall,L,L,2026-09-06
OPP-24,H06,Slider,78.8,2257,3.0,-2.3,0.6,1.074,0,1,StrikeSwinging,L,L,2026-09-06
OPP-24,H06,Curveball,76.9,2566,-1.8,-3.0,3.524,2.214,0,2,FoulBall,L,L,2026-09-06
OPP-24,H06,Changeup,80.3,1840,12.5,9.5,-0.514,0.86,0,2,BallCalled,L,L,2026-09-06
OPP-24,H06,Changeup,82.8,1529,8.1,11.2,0.243,2.613,1,2,InPlay,L,L,2026-09-06
OPP-24,H01,Changeup,80.7,1823,9.9,6.5,0.134,2.09,0,0,FoulBall,R,L,2026-09-06
OPP-24,H01,Fastball,90.8,2371,14.3,4.4,0.873,3.485,0,1,BallCalled,R,L,2026-09-06
OPP-24,H01,Fastball,92.0,2492,16.1,8.1,0.728,3.666,1,1,BallCalled,R,L,2026-09-06
OPP-24,H01,Fastball,87.0,2128,15.1,6.1,-0.865,2.842,2,1,BallCalled,R,L,2026-09-06
OPP-24,H01,Curveball,75.9,2352,-7.6,-9.4,-0.648,2.558,3,1,StrikeCalled,R,L,2026-09-06
OPP-24,H01,Changeup,84.6,1604,4.8,13.7,1.21,0.603,3,2,BallCalled,R,L,2026-09-06
OPP-24,H06,Slider,80.9,2196,2.7,-2.3,0.619,3.214,0,0,StrikeCalled,R,L,2026-09-06
OPP-24,H06,Slider,81.1,2390,-4.8,-1.9,0.385,2.651,0,1,FoulBall,R,L,2026-09-06
OPP-24,H06,Fastball,91.2,2056,13.6,11.5,-1.695,3.543,0,2,BallCalled,R,L,2026-09-06
OPP-24,H06,Fastball,89.5,2110,13.3,10.0,-1.758,3.465,1,2,InPlay,R,L,2026-09-06
