Pitcher,Batter,TaggedPitchType,RelSpeed,SpinRate,InducedVertBreak,HorzBreak,PlateLocSide,PlateLocHeight,Balls,Strikes,PitchCall,BatterSide,PitcherThrows,Date
OPP-32,H04,Slider,81.8,2241,2.1,-4.2,0.497,1.16,0,0,BallCalled,L,R,2026-08-28
OPP-32,H04,Fastball,88.9,2307,16.9,6.8,-0.458,2.489,1,0,FoulBall,L,R,2026-08-28
OPP-32,H04,Fastball,94.2,2246,17.3,3.8,0.761,2.723,1,1,StrikeSwinging,L,R,2026-08-28
OPP-32,H04,Changeup,82.1,1625,8.9,20.7,1.114,1.706,1,2,StrikeSwinging,L,R,2026-08-28
OPP-32,H09,Fastball,91.8,2315,13.7,6.8,-0.893,3.099,0,0,BallCalled,L,R,2026-08-28
OPP-32,H09,Fastball,89.2,2243,18.0,10.3,0.196,2.368,1,0,InPlay,L,R,2026-08-28
OPP-32,H05,Fastball,88.6,2196,15.3,11.7,-1.141,2.6,0,0,BallCalled,R,R,2026-08-28
OPP-32,H05,Slider,83.8,2185,-1.1,-5.9,0.607,2.947,1,0,StrikeCalled,R,R,2026-08-28
OPP-32,H05,Fastball,90.1,2320,15.5,7.1,0.929,2.554,1,1,BallCalled,R,R,2026-08-28
OPP-32,H05,Fastball,91.8,2239,14.9,13.5,-0.147,2.537,2,1,FoulBall,R,R,2026-08-28
OPP-32,H05,Fastball,88.4,2184,18.6,5.9,0.147,2.75,2,2,InPlay,R,R,2026-08-28
OPP-32,H02,Changeup,81.9,1752,11.5,12.9,-1.817,1.154,0,0,BallCalled,L,R,2026-08-28
OPP-32,H02,Fastball,91.3,2155,14.4,12.4,0.168,2.531,1,0,StrikeCalled,L,R,2026-08-28
OPP-32,H02,Fastball,90.2,1945,15.6,8.8,0.879,3.667,1,1,BallCalled,L,R,2026-08-28
OPP-32,H02,Fastball,88.9,2053,10.5,6.1,0.036,2.174,2,1,InPlay,L,R,2026-08-28
OPP-32,H03,Changeup,81.5,1754,10.2,9.0,0.602,1.952,0,0,StrikeCalled,R,R,2026-08-28
OPP-32,H03,Slider,81.6,2504,3.0,-2.8,-0.543,0.325,0,1,BallCalled,R,R,2026-08-28
OPP-32,H03,Slider,80.6,2298,5.7,-6.7,-0.467,2.156,1,1,FoulBall,R,R,2026-08-28
OPP-32,H03,Slider,81.1,2327,2.1,-6.3,0.351,1.577,1,2,StrikeSwinging,R,R,2026-08-28
OPP-32,H09,Fastball,90.7,2305,14.7,11.2,0.241,2.936,0,0,StrikeSwinging,R,R,2026-08-28
OPP-32,H09,Curveball,74.2,2676,-4.8,-11.4,0.945,1.261,0,1,StrikeSwinging,R,R,2026-08-28
OPP-32,H09,Slider,83.9,2574,3.1,-7.3,-0.585,1.571,0,2,FoulBall,R,R,2026-08-28
OPP-32,H09,Curveball,75.4,2353,-3.8,-6.4,1.202,3.256,0,2,FoulBall,R,R,2026-08-28
OPP-32,H09,Changeup,84.7,2011,13.0,7.4,1.342,1.514,0,2,BallCalled,R,R,2026-08-28
OPP-32,H09,Slider,79.0,2422,2.8,-2.9,-1.28,3.032,1,2,BallCalled,R,R,2026-08-28
OPP-32,H09,Curveball,76.9,2545,-9.4,-6.6,0.393,2.14,2,2,StrikeSwinging,R,R,2026-08-28
OPP-32,H03,Curveball,76.3,2598,-2.2,-7.3,-0.251,3.433,0,0,InPlay,R,R,2026-08-28
OPP-32,H05,Fastball,92.1,2407,17.4,7.3,-0.887,2.298,0,0,StrikeSwinging,R,R,2026-08-28
OPP-32,H05,Fastball,92.2,2262,17.4,4.2,0.43,3.741,0,1,BallCalled,R,R,2026-08-28
OPP-32,H05,Changeup,81.4,1668,6.4,5.0,-0.309,1.638,1,1,StrikeCalled,R,R,2026-08-28
OPP-32,H05,Fastball,91.6,2296,16.1,8.8,-0.294,1.132,1,2,BallCalled,R,R,2026-08-28
OPP-32,H05,Fastball,91.2,2246,11.3,7.9,0.584,2.693,2,2,StrikeCalled,R,R,2026-08-28
OPP-32,H06,Curveball,74.0,2376,-5.2,-10.4,0.394,1.04,0,0,BallCalled,R,R,2026-08-28
OPP-32,H06,Fastball,92.0,2251,13.6,9.9,0.059,2.869,1,0,FoulBall,R,R,2026-08-28
OPP-32,H06,Slider,84.2,2344,3.5,-3.8,1.582,1.232,1,1,BallCalled,R,R,2026-08-28
OPP-32,H06,Curveball,76.0,2613,-5.9,-8.2,0.356,1.949,2,1,StrikeSwinging,R,R,2026-08-28
OPP-32,H06,Slider,79.0,2564,2.7,-5.7,-0.962,1.538,2,2,BallCalled,R,R,2026-08-28
OPP-32,H06,Slider,81.0,2440,3.1,-4.0,-0.716,2.765,3,2,StrikeSwinging,R,R,2026-08-28
OPP-32,H08,Changeup,83.4,1669,7.9,11.6,-0.277,3.195,0,0,StrikeSwinging,R,R,2026-08-28
OPP-32,H08,Slider,81.5,2274,2.1,-8.9,0.96,3.81,0,1,StrikeSwinging,R,R,2026-08-28
OPP-32,H08,Changeup,83.0,1675,8.6,12.4,-2.514,2.004,0,2,StrikeSwinging,R,R,2026-08-28
OPP-32,H06,Curveball,76.1,2338,-3.3,-14.3,0.819,1.971,0,0,StrikeCalled,R,R,2026-08-28
OPP-32,H06,Slider,81.1,2331,6.8,-2.7,1.755,0.661,0,1,BallCalled,R,R,2026-08-28
OPP-32,H06,Slider,80.7,2562,1.4,-9.6,-0.257,4.402,1,1,BallCalled,R,R,2026-08-28
OPP-32,H06,Fastball,89.6,2127,14.7,9.3,0.046,2.669,2,1,InPlay,R,R,2026-08-28
OPP-32,H02,Slider,83.0,2250,2.7,-8.8,0.179,2.398,0,0,FoulBall,R,R,2026-08-28
OPP-32,H02,Fastball,88.9,2288,14.2,4.6,1.033,2.634,0,1,BallCalled,R,R,2026-08-28
OPP-32,H02,Fastball,91.2,2408,15.4,8.5,0.453,3.671,1,1,BallCalled,R,R,2026-08-28
OPP-32,H02,Slider,78.4,2507,4.3,-9.3,-0.187,2.666,2,1,StrikeCalled,R,R,2026-08-28
OPP-32,H02,Fastball,90.3,2227,15.0,9.6,-1.401,2.952,2,2,BallCalled,R,R,2026-08-28
OPP-32,H02,Changeup,82.0,1556,3.6,12.2,-0.718,3.806,3,2,BallCalled,R,R,2026-08-28
OPP-32,H09,Curveball,74.0,2358,-6.9,-14.1,0.166,4.386,0,0,StrikeSwinging,R,R,2026-08-28
OPP-32,H09,Fastball,90.2,2311,16.5,15.0,-0.226,3.948,0,1,InPlay,R,R,2026-08-28
OPP-32,H03,Slider,79.8,2390,3.2,-11.2,0.011,2.784,0,0,InPlay,R,R,2026-08-28
OPP-32,H01,Curveball,78.2,2403,-7.1,-12.4,-0.926,2.353,0,0,StrikeSwinging,L,R,2026-08-28
OPP-32,H01,Fastball,89.7,2266,17.0,11.0,0.545,1.489,0,1,InPlay,L,R,2026-08-28
OPP-32,H09,Fastball,89.1,2201,11.1,8.8,0.016,3.194,0,0,StrikeCalled,L,R,2026-08-28
OPP-32,H09,Slider,83.3,2404,-0.1,-7.8,-0.638,3.235,0,1,StrikeSwinging,L,R,2026-08-28
OPP-32,H09,Changeup,83.5,1812,11.4,8.2,-0.255,2.181,0,2,StrikeCalled,L,R,2026-08-28
OPP-32,H03,Fastball,90.5,2302,15.9,10.0,-0.189,1.595,0,0,StrikeCalled,L,R,2026-08-28
OPP-32,H03,Curveball,77.5,2335,-9.9,-7.8,1.031,3.805,0,1,FoulBall,L,R,2026-08-28
OPP-32,H03,Curveball,76.2,2535,-3.6,-8.1,0.531,1.553,0,2,FoulBall,L,R,2026-08-28
OPP-32,H03,Fastball,88.8,2180,12.6,4.5,-1.399,2.602,0,2,BallCalled,L,R,2026-08-28
OPP-32,H03,Changeup,83.2,1778,8.6,14.6,-2.945,2.185,1,2,StrikeSwinging,L,R,2026-08-28
OPP-32,H06,Fastball,89.0,2243,12.0,8.3,-0.405,3.634,0,0,BallCalled,R,R,2026-08-28
OPP-32,H06,Changeup,82.5,1817,8.4,9.2,-0.41,1.839,1,0,InPlay,R,R,2026-08-28
OPP-32,H04,Fastball,89.2,2326,14.5,10.9,-0.879,1.904,0,0,FoulBall,R,R,2026-08-28
OPP-32,H04,Fastball,91.3,2456,13.4,14.0,-2.834,1.07,0,1,FoulBall,R,R,2026-08-28
OPP-32,H04,Slider,82.5,2275,1.7,-1.3,0.897,0.82,0,2,BallCalled,R,R,2026-08-28
OPP-32,H04,Fastball,91.3,2246,18.8,13.8,-0.768,2.332,1,2,StrikeSwinging,R,R,2026-08-28
OPP-32,H09,Fastball,89.9,2115,18.1,5.5,0.051,2.314,0,0,InPlay,R,R,2026-08-28
OPP-32,H05,Fastball,89.2,2240,14.8,8.1,0.314,2.423,0,0,StrikeCalled,L,R,2026-08-28
OPP-32,H05,Fastball,90.8,2105,16.3,13.9,0.444,3.439,0,1,FoulBall,L,R,2026-08-28
OPP-32,H05,Changeup,84.1,1652,10.5,10.9,-1.117,2.736,0,2,FoulBall,L,R,2026-08-28
OPP-32,H05,Fastball,89.4,2321,16.5,4.5,-0.791,3.332,0,2,InPlay,L,R,2026-08-28
OPP-32,H08,Changeup,80.9,1648,10.2,14.3,0.651,2.884,0,0,InPlay,L,R,2026-08-28
OPP-32,H04,Curveball,79.4,2438,-4.9,-5.4,-0.163,2.09,0,0,FoulBall,L,R,2026-08-28
OPP-32,H04,Curveball,75.1,2521,-6.9,-10.5,0.507,1.312,0,1,InPlay,L,R,2026-08-28
OPP-32,H05,Fastball,89.7,2272,13.7,6.5,0.637,1.895,0,0,InPlay,R,R,2026-08-28
OPP-32,H01,Fastball,92.4,2254,12.1,9.9,-0.115,3.0,0,0,StrikeCalled,R,R,2026-08-28
OPP-32,H01,Slider,84.4,2514,7.2,-5.0,-0.052,1.763,0,1,StrikeCalled,R,R,2026-08-28
OPP-32,H01,Curveball,77.5,2445,-8.2,-12.7,0.62,4.308,0,2,StrikeSwinging,R,R,2026-08-28
OPP-32,H05,Slider,80.8,2327,6.3,-7.5,0.024,2.59,0,0,FoulBall,R,R,2026-08-28
OPP-32,H05,Curveball,73.7,2417,-7.0,-11.2,-0.462,3.691,0,1,BallCalled,R,R,2026-08-28
OPP-32,H05,Curveball,75.1,2632,-2.1,-6.2,0.673,0.888,1,1,BallCalled,R,R,2026-08-28
OPP-32,H05,Slider,82.5,2413,7.7,-6.3,-0.643,1.922,2,1,StrikeCalled,R,R,2026-08-28
OPP-32,H05,Changeup,81.7,1691,9.6,16.9,0.858,1.943,2,2,BallCalled,R,R,2026-08-28
OPP-32,H05,Curveball,75.9,2599,-2.6,-8.0,3.224,-0.294,3,2,StrikeSwinging,R,R,2026-08-28
OPP-32,H05,Curveball,75.7,2373,-6.0,-7.0,0.925,3.074,0,0,BallCalled,R,R,2026-08-28
OPP-32,H05,Fastball,92.1,2426,14.9,5.2,0.656,2.422,1,0,InPlay,R,R,2026-08-28
OPP-32,H01,Slider,81.7,2446,5.2,-10.2,0.29,3.031,0,0,StrikeCalled,R,R,2026-08-28
OPP-32,H01,Curveball,77.4,2649,-4.3,-9.6,0.886,4.883,0,1,FoulBall,R,R,2026-08-28
OPP-32,H01,Slider,80.0,2242,2.8,2.7,-0.385,1.523,0,2,StrikeSwinging,R,R,2026-08-28
OPP-32,H07,Changeup,82.5,1754,12.8,11.1,-0.577,2.644,0,0,FoulBall,L,R,2026-08-28
OPP-32,H07,Fastball,92.5,2212,13.8,11.0,-2.989,2.076,0,1,InPlay,L,R,2026-08-28
OPP-32,H04,Changeup,81.3,1819,7.0,7.5,-0.603,1.485,0,0,BallCalled,L,R,2026-08-28
OPP-32,H04,Fastball,90.4,2354,13.2,10.9,0.16,2.634,1,0,StrikeCalled,L,R,2026-08-28
OPP-32,H04,Fastball,89.6,2197,19.7,12.6,0.666,2.766,1,1,FoulBall,L,R,2026-08-28
OPP-32,H04,Changeup,82.2,1640,8.2,16.4,-0.373,0.347,1,2,BallCalled,L,R,2026-08-28
OPP-32,H04,Curveball,74.9,2381,-0.4,-9.1,-1.138,2.955,2,2,BallCalled,L,R,2026-08-28
OPP-32,H04,Fastball,89.4,2098,17.7,7.1,-0.294,1.871,3,2,InPlay,L,R,2026-08-28
OPP-32,H02,Fastball,89.3,2272,14.9,8.5,-1.59,3.2,0,0,BallCalled,R,R,2026-08-29
OPP-32,H02,Fastball,91.2,2304,16.9,12.4,-0.576,2.748,1,0,FoulBall,R,R,2026-08-29
OPP-32,H02,Slider,76.9,2419,5.1,-5.9,2.114,2.251,1,1,FoulBall,R,R,2026-08-29
OPP-32,H02,Fastball,91.0,2326,13.4,5.4,-0.715,2.786,1,2,InPlay,R,R,2026-08-29
OPP-32,H08,Changeup,80.6,1897,7.8,10.9,0.891,0.908,0,0,BallCalled,R,R,2026-08-29
OPP-32,H08,Changeup,85.4,1767,6.8,11.9,-0.979,0.523,1,0,BallCalled,R,R,2026-08-29
OPP-32,H08,Curveball,73.2,2486,-5.6,-7.3,1.064,3.052,2,0,BallCalled,R,R,2026-08-29
OPP-32,H08,Fastball,87.2,2300,16.1,6.5,-0.4,3.148,3,0,StrikeCalled,R,R,2026-08-29
OPP-32,H08,Fastball,90.8,2197,15.9,14.9,0.135,3.692,3,1,BallCalled,R,R,2026-08-29
OPP-32,H03,Fastball,89.8,2199,13.5,11.8,-1.056,3.36,0,0,BallCalled,R,R,2026-08-29
OPP-32,H03,Slider,79.3,2301,0.3,-6.0,0.374,2.381,1,0,StrikeSwinging,R,R,2026-08-29
OPP-32,H03,Fastball,90.9,2132,13.0,8.5,-1.002,1.904,1,1,BallCalled,R,R,2026-08-29
OPP-32,H03,Fastball,88.0,2162,17.2,14.4,-0.526,2.642,2,1,FoulBall,R,R,2026-08-29
OPP-32,H03,Changeup,84.7,1758,10.1,12.7,1.232,3.949,2,2,BallCalled,R,R,2026-08-29
OPP-32,H03,Changeup,81.7,1806,9.9,16.5,0.654,0.342,3,2,FoulBall,R,R,2026-08-29
OPP-32,H03,Slider,85.5,2434,4.8,-11.6,0.025,3.518,3,2,BallCalled,R,R,2026-08-29
OPP-32,H09,Fastball,88.9,2168,15.3,10.1,-1.4,1.249,0,0,BallCalled,L,R,2026-08-29
OPP-32,H09,Changeup,83.2,1540,8.0,16.9,0.958,1.996,1,0,BallCalled,L,R,2026-08-29
OPP-32,H09,Fastball,88.8,2132,14.8,15.9,-0.478,3.662,2,0,BallCalled,L,R,2026-08-29
OPP-32,H09,Slider,83.5,2461,2.1,-9.0,0.994,1.368,3,0,BallCalled,L,R,2026-08-29
OPP-32,H05,Slider,82.3,2475,1.3,-6.5,0.431,2.531,0,0,FoulBall,R,R,2026-08-29
OPP-32,H05,Slider,81.5,2592,5.3,-4.4,-0.657,3.37,0,1,StrikeCalled,R,R,2026-08-29
OPP-32,H05,Slider,79.7,2356,1.3,-3.6,0.509,2.009,0,2,StrikeSwinging,R,R,2026-08-29
OPP-32,H03,Curveball,75.8,2593,-0.4,-9.9,0.73,1.257,0,0,BallCalled,R,R,2026-08-29
OPP-32,H03,Fastball,87.6,2278,16.4,2.9,-0.538,2.249,1,0,StrikeCalled,R,R,2026-08-29
OPP-32,H03,Slider,78.7,2461,-0.5,-8.1,-0.296,1.64,1,1,InPlay,R,R,2026-08-29
OPP-32,H05,Fastball,89.7,2189,16.5,9.5,-0.287,1.621,0,0,InPlay,R,R,2026-08-29
OPP-32,H08,Fastball,89.6,2316,14.9,6.3,0.606,3.191,0,0,StrikeCalled,R,R,2026-08-29
OPP-32,H08,Slider,81.6,2344,-0.5,-7.5,-1.187,-0.687,0,1,InPlay,R,R,2026-08-29
OPP-32,H02,Fastball,93.4,2322,17.2,14.7,0.061,2.611,0,0,InPlay,R,R,2026-08-29
OPP-32,H02,Fastball,91.8,2327,14.9,8.8,0.343,2.204,0,0,FoulBall,R,R,2026-08-29
OPP-32,H02,Fastball,92.7,2108,11.5,7.0,-0.792,3.885,0,1,InPlay,R,R,2026-08-29
OPP-32,H07,Slider,80.5,2358,0.2,-7.9,0.669,2.014,0,0,StrikeCalled,R,R,2026-08-29
OPP-32,H07,Changeup,82.3,1830,11.3,12.5,-0.082,2.655,0,1,StrikeSwinging,R,R,2026-08-29
OPP-32,H07,Slider,79.7,2514,1.9,-7.8,2.326,0.248,0,2,BallCalled,R,R,2026-08-29
OPP-32,H07,Fastball,91.4,2397,17.3,14.6,-1.86,3.047,1,2,BallCalled,R,R,2026-08-29
OPP-32,H07,Changeup,80.8,1727,8.0,9.3,-2.076,-0.409,2,2,BallCalled,R,R,2026-08-29
OPP-32,H07,Changeup,81.5,1877,9.7,15.8,0.329,1.904,3,2,FoulBall,R,R,2026-08-29
OPP-32,H07,Changeup,81.1,1765,6.4,15.3,-0.053,2.135,3,2,StrikeSwinging,R,R,2026-08-29
OPP-32,H04,Slider,78.8,2497,-2.4,-9.1,0.452,1.291,0,0,FoulBall,L,R,2026-08-29
OPP-32,H04,Fastball,90.7,2175,16.2,12.5,0.738,4.236,0,1,BallCalled,L,R,2026-08-29
OPP-32,H04,Slider,79.2,2298,-0.4,-10.8,0.903,2.65,1,1,FoulBall,L,R,2026-08-29
OPP-32,H04,Fastball,89.7,2086,16.2,8.9,1.822,3.84,1,2,BallCalled,L,R,2026-08-29
OPP-32,H04,Slider,81.4,2443,3.4,-13.3,0.263,2.185,2,2,FoulBall,L,R,2026-08-29
OPP-32,H04,Changeup,84.1,1609,10.4,14.1,1.431,2.711,2,2,BallCalled,L,R,2026-08-29
OPP-32,H04,Changeup,83.5,1699,10.7,11.8,0.274,3.452,3,2,FoulBall,L,R,2026-08-29
OPP-32,H04,Changeup,82.8,1939,7.1,16.2,-0.323,3.835,3,2,BallCalled,L,R,2026-08-29
OPP-32,H01,Changeup,81.5,1678,9.6,10.9,-2.021,1.573,0,0,FoulBall,R,R,2026-08-29
OPP-32,H01,Changeup,82.1,1963,9.8,9.7,-1.681,2.7,0,1,StrikeSwinging,R,R,2026-08-29
OPP-32,H01,Slider,83.9,2363,6.3,-4.2,-0.632,2.51,0,2,StrikeCalled,R,R,2026-08-29
OPP-32,H03,Changeup,83.4,1403,6.4,17.3,1.088,1.474,0,0,BallCalled,L,R,2026-08-29
OPP-32,H03,Fastball,92.6,2075,14.8,8.2,-0.206,1.962,1,0,FoulBall,L,R,2026-08-29
OPP-32,H03,Slider,79.7,2468,4.2,-5.5,-0.147,1.674,1,1,FoulBall,L,R,2026-08-29
OPP-32,H03,Curveball,74.1,2250,-3.3,-9.7,-0.586,3.998,1,2,BallCalled,L,R,2026-08-29
OPP-32,H03,Fastball,92.4,2180,16.3,5.0,-1.8,3.073,2,2,BallCalled,L,R,2026-08-29
OPP-32,H03,Curveball,74.5,2217,-11.8,-13.6,-1.074,1.63,3,2,InPlay,L,R,2026-08-29
OPP-32,H08,Fastball,93.0,2380,12.3,6.1,0.557,2.832,0,0,StrikeCalled,R,R,2026-08-29
OPP-32,H08,Slider,81.4,2536,0.7,-4.2,-1.508,3.945,0,1,FoulBall,R,R,2026-08-29
OPP-32,H08,Changeup,82.2,1679,12.2,13.5,-1.548,-0.498,0,2,BallCalled,R,R,2026-08-29
OPP-32,H08,Slider,81.6,2252,-2.0,-3.5,-0.008,3.581,1,2,FoulBall,R,R,2026-08-29
OPP-32,H08,Changeup,81.5,1713,6.8,11.0,0.403,2.877,1,2,StrikeSwinging,R,R,2026-08-29
OPP-32,H05,Changeup,79.4,1720,6.5,9.9,-1.999,3.571,0,0,FoulBall,L,R,2026-08-29
OPP-32,H05,Changeup,81.2,1656,10.1,9.6,1.104,1.271,0,1,BallCalled,L,R,2026-08-29
OPP-32,H05,Fastball,89.8,2324,13.1,8.7,0.73,2.024,1,1,InPlay,L,R,2026-08-29
OPP-32,H02,Changeup,82.5,1482,11.2,12.4,0.294,3.02,0,0,FoulBall,L,R,2026-08-29
OPP-32,H02,Fastball,88.4,2355,17.7,9.0,-0.463,1.327,0,1,BallCalled,L,R,2026-08-29
OPP-32,H02,Fastball,87.8,2166,12.8,10.8,0.225,3.303,1,1,StrikeSwinging,L,R,2026-08-29
OPP-32,H02,Changeup,82.1,1553,10.2,10.6,-0.957,2.596,1,2,BallCalled,L,R,2026-08-29
OPP-32,H02,Slider,80.7,2293,1.2,-6.7,2.179,2.718,2,2,StrikeSwinging,L,R,2026-08-29
OPP-32,H04,Fastball,89.2,2148,15.6,14.6,-0.449,1.644,0,0,StrikeCalled,L,R,2026-08-29
OPP-32,H04,Changeup,80.9,1946,6.0,17.4,-0.591,1.249,0,1,BallCalled,L,R,2026-08-29
OPP-32,H04,Fastball,91.0,2168,12.3,8.2,-1.295,3.156,1,1,BallCalled,L,R,2026-08-29
OPP-32,H04,Fastball,93.0,2272,15.7,6.3,-0.845,2.468,2,1,BallCalled,L,R,2026-08-29
OPP-32,H04,Fastball,92.2,2120,13.0,7.7,-0.76,2.796,3,1,InPlay,L,R,2026-08-29
OPP-32,H02,Fastball,92.1,2066,16.7,8.9,1.126,2.771,0,0,BallCalled,R,R,2026-08-29
OPP-32,H02,Fastball,91.7,2117,15.9,14.3,-0.533,3.496,1,0,FoulBall,R,R,2026-08-29
OPP-32,H02,Fastball,88.3,2150,13.3,2.7,0.355,2.467,1,1,InPlay,R,R,2026-08-29
OPP-32,H05,Slider,80.7,2254,3.2,-4.1,1.072,2.184,0,0,StrikeSwinging,R,R,2026-08-29
OPP-32,H05,Curveball,74.3,2302,-4.6,-7.9,-0.604,4.948,0,1,BallCalled,R,R,2026-08-29
OPP-32,H05,Fastball,89.9,2325,15.6,9.5,0.739,1.811,1,1,InPlay,R,R,2026-08-29
OPP-32,H05,Changeup,82.3,1888,5.4,13.6,0.285,2.934,0,0,FoulBall,R,R,2026-08-29
OPP-32,H05,Curveball,79.0,2570,-2.9,-8.5,-1.732,3.437,0,1,BallCalled,R,R,2026-08-29
OPP-32,H05,Fastball,91.5,2260,13.3,13.1,0.757,2.365,1,1,InPlay,R,R,2026-08-29
OPP-32,H04,Fastball,89.3,2269,11.7,9.6,-0.263,2.226,0,0,InPlay,L,R,2026-08-29
OPP-32,H08,Curveball,73.4,2698,-6.2,-5.4,1.599,2.762,0,0,StrikeSwinging,L,R,2026-08-29
OPP-32,H08,Fastball,90.2,2131,15.8,7.1,0.433,3.229,0,1,StrikeCalled,L,R,2026-08-29
OPP-32,H08,Changeup,83.3,1747,7.4,13.1,0.666,0.589,0,2,BallCalled,L,R,2026-08-29
OPP-32,H08,Fastball,89.5,2236,18.2,6.8,1.452,2.745,1,2,FoulBall,L,R,2026-08-29
OPP-32,H08,Changeup,82.5,1658,10.6,16.6,-1.702,0.908,1,2,BallCalled,L,R,2026-08-29
OPP-32,H08,Curveball,75.0,2354,-7.1,-7.1,-0.548,2.382,2,2,InPlay,L,R,2026-08-29
OPP-32,H03,Curveball,73.9,2424,-0.5,-6.3,0.031,1.348,0,0,BallCalled,L,R,2026-08-29
OPP-32,H03,Changeup,82.8,1822,3.9,7.8,0.583,1.643,1,0,FoulBall,L,R,2026-08-29
OPP-32,H03,Changeup,80.4,1773,8.0,16.1,-2.123,1.712,1,1,BallCalled,L,R,2026-08-29
OPP-32,H03,Curveball,73.8,2546,-5.2,-11.9,-0.35,2.381,2,1,StrikeCalled,L,R,2026-08-29
OPP-32,H03,Fastball,88.9,2234,12.9,4.8,1.113,2.279,2,2,BallCalled,L,R,2026-08-29
OPP-32,H03,Slider,82.4,2493,6.3,-8.9,1.468,2.426,3,2,StrikeSwinging,L,R,2026-08-29
OPP-32,H08,Fastball,89.4,2138,16.3,6.8,-0.01,2.023,0,0,InPlay,R,R,2026-08-29
OPP-32,H07,Fastball,89.9,2223,12.3,12.7,-0.863,2.066,0,0,BallCalled,L,R,2026-08-29
OPP-32,H07,Curveball,75.0,2470,-7.7,-11.7,0.058,0.965,1,0,InPlay,L,R,2026-08-29
OPP-32,H09,Fastball,87.3,2301,16.7,6.3,-1.709,3.152,0,0,BallCalled,R,R,2026-08-29
OPP-32,H09,Curveball,76.2,2396,-8.1,-5.7,0.887,2.722,1,0,BallCalled,R,R,2026-08-29
OPP-32,H09,Fastball,91.0,2424,15.8,6.8,0.621,2.361,2,0,StrikeCalled,R,R,2026-08-29
OPP-32,H09,Slider,79.9,2359,2.6,-7.9,0.516,2.214,2,1,StrikeSwinging,R,R,2026-08-29
OPP-32,H09,Slider,79.2,2370,-0.2,-7.5,0.784,1.069,2,2,FoulBall,R,R,2026-08-29
OPP-32,H09,Curveball,74.8,2219,-0.7,-9.7,-0.142,5.526,2,2,FoulBall,R,R,2026-08-29
OPP-32,H09,Fastball,92.2,2268,17.1,10.7,0.553,1.429,2,2,StrikeSwinging,R,R,2026-08-29
OPP-32,H03,Fastball,88.7,2335,13.8,13.0,0.045,2.467,0,0,InPlay,L,R,2026-08-30
OPP-32,H01,Changeup,80.5,1919,7.1,8.5,0.243,1.777,0,0,StrikeCalled,L,R,2026-08-30
OPP-32,H01,Changeup,82.4,1766,12.2,10.4,0.799,-0.299,0,1,InPlay,L,R,2026-08-30
OPP-32,H02,Changeup,83.2,1492,13.4,10.8,0.2,1.867,0,0,StrikeCalled,L,R,2026-08-30
OPP-32,H02,Curveball,74.8,2333,-8.3,-11.3,-1.262,2.733,0,1,InPlay,L,R,2026-08-30
OPP-32,H05,Slider,79.4,2534,-0.4,-7.0,0.977,1.729,0,0,FoulBall,R,R,2026-08-30
OPP-32,H05,Fastball,90.8,2266,16.8,8.8,-0.287,2.872,0,1,StrikeCalled,R,R,2026-08-30
OPP-32,H05,Changeup,83.7,1849,11.5,10.4,1.244,1.536,0,2,BallCalled,R,R,2026-08-30
OPP-32,H05,Slider,80.7,2440,2.2,-5.7,-0.51,2.921,1,2,StrikeSwinging,R,R,2026-08-30
OPP-32,H02,Curveball,74.4,2412,-4.4,-7.5,-0.828,2.131,0,0,InPlay,L,R,2026-08-30
OPP-32,H05,Changeup,81.9,1829,13.0,10.9,-0.8,2.067,0,0,StrikeCalled,R,R,2026-08-30
OPP-32,H05,Slider,81.7,2401,2.9,-4.8,-1.505,1.451,0,1,BallCalled,R,R,2026-08-30
OPP-32,H05,Fastball,89.2,2148,11.8,5.0,0.263,3.416,1,1,StrikeCalled,R,R,2026-08-30
OPP-32,H05,Fastball,89.1,2163,16.1,11.9,-0.42,2.353,1,2,FoulBall,R,R,2026-08-30
OPP-32,H05,Fastball,90.4,2255,13.9,2.1,-0.098,1.568,1,2,InPlay,R,R,2026-08-30
OPP-32,H08,Slider,78.4,2429,3.2,-6.8,1.502,3.122,0,0,BallCalled,L,R,2026-08-30
OPP-32,H08,Changeup,81.5,1670,5.8,12.0,-0.09,1.668,1,0,FoulBall,L,R,2026-08-30
OPP-32,H08,Curveball,74.6,2160,-9.4,-8.9,-0.081,4.034,1,1,BallCalled,L,R,2026-08-30
OPP-32,H08,Fastball,91.3,2271,14.6,11.7,-0.57,2.322,2,1,StrikeCalled,L,R,2026-08-30
OPP-32,H08,Changeup,79.4,1722,4.9,11.5,0.678,1.006,2,2,FoulBall,L,R,2026-08-30
OPP-32,H08,Slider,83.5,2466,3.0,-7.9,0.077,4.144,2,2,StrikeSwinging,L,R,2026-08-30
OPP-32,H07,Fastball,92.6,2105,16.2,9.2,0.34,2.527,0,0,InPlay,L,R,2026-08-30
OPP-32,H04,Fastball,91.1,2281,11.7,5.6,-0.827,2.478,0,0,StrikeCalled,R,R,2026-08-30
OPP-32,H04,Fastball,90.0,2179,13.5,10.6,-0.518,2.974,0,1,FoulBall,R,R,2026-08-30
OPP-32,H04,Slider,82.9,2364,-0.3,-7.2,2.343,1.561,0,2,BallCalled,R,R,2026-08-30
OPP-32,H04,Slider,82.1,2352,4.1,-3.4,-1.02,1.951,1,2,StrikeSwinging,R,R,2026-08-30
OPP-32,H09,Fastball,88.0,2409,15.4,9.0,0.419,3.419,0,0,StrikeCalled,R,R,2026-08-30
OPP-32,H09,Changeup,79.5,1742,6.3,15.3,0.8,1.577,0,1,InPlay,R,R,2026-08-30
OPP-32,H09,Fastball,91.2,2068,17.9,12.6,-0.067,2.067,0,0,StrikeSwinging,L,R,2026-08-30
OPP-32,H09,Curveball,74.4,2600,-6.4,-1.7,0.421,1.296,0,1,StrikeSwinging,L,R,2026-08-30
OPP-32,H09,Curveball,77.5,2503,-6.0,-12.8,-0.173,3.892,0,2,BallCalled,L,R,2026-08-30
OPP-32,H09,Fastball,87.7,2206,16.8,3.6,0.546,2.073,1,2,FoulBall,L,R,2026-08-30
OPP-32,H09,Fastball,92.4,1996,15.3,11.1,-0.367,5.019,1,2,StrikeSwinging,L,R,2026-08-30
OPP-32,H01,Changeup,82.3,1914,12.6,9.9,-1.152,1.829,0,0,FoulBall,L,R,2026-08-30
OPP-32,H01,Slider,82.0,2273,-1.8,-11.5,0.528,1.458,0,1,StrikeSwinging,L,R,2026-08-30
OPP-32,H01,Fastball,92.7,2192,14.4,6.4,0.049,2.537,0,2,FoulBall,L,R,2026-08-30
OPP-32,H01,Changeup,82.4,1751,8.6,9.5,-1.815,0.913,0,2,FoulBall,L,R,2026-08-30
OPP-32,H01,Fastball,92.5,2246,15.3,7.6,1.229,-0.741,0,2,InPlay,L,R,2026-08-30
OPP-32,H08,Fastball,92.7,2220,15.1,5.1,-0.77,4.017,0,0,BallCalled,R,R,2026-08-30
OPP-32,H08,Fastball,89.8,2126,14.5,12.2,-0.752,1.932,1,0,StrikeSwinging,R,R,2026-08-30
OPP-32,H08,Fastball,87.5,2159,16.1,10.6,-1.166,2.04,1,1,BallCalled,R,R,2026-08-30
OPP-32,H08,Fastball,91.3,2130,16.0,13.3,0.546,2.117,2,1,InPlay,R,R,2026-08-30
OPP-32,H08,Fastball,91.3,2230,16.4,4.4,-0.532,3.752,0,0,FoulBall,L,R,2026-08-30
OPP-32,H08,Changeup,84.2,1636,10.4,7.4,0.189,2.744,0,1,StrikeCalled,L,R,2026-08-30
OPP-32,H08,Slider,80.9,2250,1.7,-9.7,-1.77,4.068,0,2,BallCalled,L,R,2026-08-30
OPP-32,H08,Slider,81.3,2694,4.1,-4.7,1.394,3.988,1,2,BallCalled,L,R,2026-08-30
OPP-32,H08,Slider,79.3,2422,-0.5,-7.1,0.89,3.162,2,2,StrikeSwinging,L,R,2026-08-30
OPP-32,H04,Slider,80.7,2771,3.7,-10.0,1.184,2.041,0,0,StrikeSwinging,R,R,2026-08-30
OPP-32,H04,Fastball,91.0,1968,16.2,9.2,0.917,2.399,0,1,BallCalled,R,R,2026-08-30
OPP-32,H04,Changeup,80.4,1539,9.3,10.4,-0.904,1.708,1,1,StrikeSwinging,R,R,2026-08-30
OPP-32,H04,Changeup,82.2,1755,7.3,11.2,-2.586,3.901,1,2,BallCalled,R,R,2026-08-30
OPP-32,H04,Slider,83.2,2426,1.5,-5.5,-2.433,0.916,2,2,FoulBall,R,R,2026-08-30
OPP-32,H04,Curveball,75.9,2392,-7.8,-13.7,0.071,4.357,2,2,BallCalled,R,R,2026-08-30
OPP-32,H04,Changeup,84.1,1826,5.6,8.2,-1.339,1.377,3,2,FoulBall,R,R,2026-08-30
OPP-32,H04,Changeup,82.2,1813,9.9,9.6,0.266,3.016,3,2,StrikeSwinging,R,R,2026-08-30
OPP-32,H03,Changeup,83.4,1618,7.5,7.6,-0.801,1.704,0,0,InPlay,R,R,2026-08-30
OPP-32,H03,Fastball,89.1,2100,12.7,9.6,1.533,3.225,0,0,InPlay,R,R,2026-08-30
OPP-32,H05,Changeup,81.6,1651,11.2,8.3,0.322,3.93,0,0,BallCalled,R,R,2026-08-30
OPP-32,H05,Curveball,76.8,2424,-9.2,-6.4,0.418,2.225,1,0,InPlay,R,R,2026-08-30
OPP-32,H05,Slider,83.5,2345,0.1,-6.0,0.184,1.474,0,0,FoulBall,L,R,2026-08-30
OPP-32,H05,Fastball,92.8,2261,15.4,11.4,-0.501,2.119,0,1,StrikeCalled,L,R,2026-08-30
OPP-32,H05,Fastball,89.6,2081,16.2,3.4,-2.22,1.589,0,2,BallCalled,L,R,2026-08-30
OPP-32,H05,Fastball,89.5,2339,17.8,9.8,-0.936,3.081,1,2,BallCalled,L,R,2026-08-30
OPP-32,H05,Slider,81.4,2336,5.5,-7.6,-0.592,3.938,2,2,BallCalled,L,R,2026-08-30
OPP-32,H05,Fastball,91.2,2177,12.4,9.3,1.678,2.197,3,2,BallCalled,L,R,2026-08-30
OPP-32,H01,Curveball,76.9,2412,-7.9,-6.2,-0.268,1.222,0,0,StrikeSwinging,L,R,2026-08-30
OPP-32,H01,Changeup,83.5,1793,7.6,11.0,1.745,4.189,0,1,BallCalled,L,R,2026-08-30
OPP-32,H01,Curveball,76.0,2534,-7.9,-15.6,-0.716,1.821,1,1,StrikeSwinging,L,R,2026-08-30
OPP-32,H01,Curveball,75.5,2432,-4.2,-3.5,-1.6,2.675,1,2,BallCalled,L,R,2026-08-30
OPP-32,H01,Fastball,91.2,2254,11.8,8.0,-1.727,2.377,2,2,BallCalled,L,R,2026-08-30
OPP-32,H01,Fastball,91.4,2139,12.2,12.5,1.547,4.536,3,2,FoulBall,L,R,2026-08-30
OPP-32,H01,Curveball,75.4,2492,-16.1,-7.0,-0.846,-0.443,3,2,BallCalled,L,R,2026-08-30
OPP-32,H08,Changeup,83.3,1951,10.2,10.4,-1.812,2.194,0,0,BallCalled,R,R,2026-08-30
OPP-32,H08,Changeup,82.4,1608,6.2,15.0,-0.836,1.342,1,0,BallCalled,R,R,2026-08-30
OPP-32,H08,Slider,81.7,2409,4.0,-1.0,0.905,0.707,2,0,BallCalled,R,R,2026-08-30
OPP-32,H08,Fastball,90.7,2107,16.9,9.7,-0.155,2.697,3,0,StrikeCalled,R,R,2026-08-30
OPP-32,H08,Fastball,92.4,2290,13.4,6.5,0.884,2.174,3,1,StrikeSwinging,R,R,2026-08-30
OPP-32,H08,Curveball,74.5,2508,-6.3,-6.0,0.881,3.937,3,2,BallCalled,R,R,2026-08-30
OPP-32,H03,Fastball,87.9,2059,13.1,10.2,0.188,2.32,0,0,InPlay,L,R,2026-08-30
OPP-32,H03,Changeup,81.6,1914,11.2,7.7,-0.18,1.339,0,0,BallCalled,R,R,2026-08-30
OPP-32,H03,Fastball,90.4,2138,18.3,12.3,0.605,3.227,1,0,StrikeSwinging,R,R,2026-08-30
OPP-32,H03,Curveball,75.0,2296,-6.9,-8.5,-1.395,3.734,1,1,BallCalled,R,R,2026-08-30
OPP-32,H03,Fastball,89.5,2319,15.0,6.3,-0.255,2.317,2,1,FoulBall,R,R,2026-08-30
OPP-32,H03,Fastball,90.7,2462,14.7,14.0,0.14,3.191,2,2,StrikeSwinging,R,R,2026-08-30
OPP-32,H06,Fastball,90.5,2332,15.9,9.5,-0.56,2.878,0,0,InPlay,R,R,2026-08-30
OPP-32,H04,Fastball,90.3,2248,11.9,11.9,0.155,1.621,0,0,InPlay,R,R,2026-08-30
OPP-32,H09,Fastball,90.4,2201,14.3,6.8,1.529,2.527,0,0,FoulBall,L,R,2026-08-30
OPP-32,H09,Fastball,91.4,2273,13.6,8.5,-0.386,2.503,0,1,StrikeCalled,L,R,2026-08-30
OPP-32,H09,Changeup,80.9,1723,6.7,10.2,-0.621,1.852,0,2,StrikeSwinging,L,R,2026-08-30
OPP-32,H07,Fastball,89.8,2252,13.1,12.9,-0.793,2.478,0,0,StrikeCalled,R,R,2026-08-30
OPP-32,H07,Fastball,91.0,2283,14.0,7.0,0.666,2.659,0,1,StrikeCalled,R,R,2026-08-30
OPP-32,H07,Slider,81.3,2222,-0.7,0.5,1.003,0.468,0,2,BallCalled,R,R,2026-08-30
OPP-32,H07,Fastball,88.0,2336,15.5,9.5,0.259,2.004,1,2,StrikeCalled,R,R,2026-08-30
OPP-32,H09,Fastball,90.2,2266,17.0,5.6,1.736,1.43,0,0,BallCalled,R,R,2026-08-30
OPP-32,H09,Slider,78.2,2279,1.8,-5.1,-0.222,2.679,1,0,StrikeSwinging,R,R,2026-08-30
OPP-32,H09,Fastball,89.9,2187,15.2,11.8,0.908,3.159,1,1,BallCalled,R,R,2026-08-30
OPP-32,H09,Fastball,91.6,2264,15.4,6.9,-1.311,1.968,2,1,BallCalled,R,R,2026-08-30
OPP-32,H09,Changeup,81.9,1592,8.1,15.1,-0.639,2.793,3,1,HitByPitch,R,R,2026-08-30
OPP-32,H01,Slider,79.5,2299,-0.1,-8.6,-0.491,0.378,0,0,BallCalled,L,R,2026-08-30
OPP-32,H01,Fastball,88.5,2259,15.3,11.2,-0.054,2.403,1,0,StrikeCalled,L,R,2026-08-30
OPP-32,H01,Fastball,90.3,2231,13.6,5.7,0.588,1.54,1,1,InPlay,L,R,2026-08-30
OPP-47,H08,Fastball,88.8,2149,13.4,4.8,-1.465,3.189,0,0,BallCalled,R,R,2026-08-28
OPP-47,H08,Fastball,90.5,2091,16.4,10.5,-0.013,2.617,1,0,StrikeSwinging,R,R,2026-08-28
OPP-47,H08,Fastball,88.9,2031,11.9,13.1,1.733,3.07,1,1,BallCalled,R,R,2026-08-28
OPP-47,H08,Fastball,90.2,2260,17.5,11.2,0.201,3.302,2,1,StrikeCalled,R,R,2026-08-28
OPP-47,H08,Fastball,87.3,2102,20.5,5.0,0.339,3.244,2,2,StrikeSwinging,R,R,2026-08-28
OPP-47,H09,Fastball,89.6,2256,15.3,7.3,0.046,3.299,0,0,StrikeCalled,R,R,2026-08-28
OPP-47,H09,Changeup,85.1,1632,7.8,18.9,0.802,2.747,0,1,FoulBall,R,R,2026-08-28
OPP-47,H09,Slider,81.0,2459,2.6,-5.6,-0.618,0.701,0,2,StrikeSwinging,R,R,2026-08-28
OPP-47,H02,Fastball,91.4,2229,14.3,7.7,-0.672,2.158,0,0,StrikeCalled,R,R,2026-08-28
OPP-47,H02,Fastball,91.9,2174,19.8,11.7,0.035,3.08,0,1,StrikeCalled,R,R,2026-08-28
OPP-47,H02,Curveball,75.0,2506,-6.7,-1.6,3.775,2.973,0,2,StrikeSwinging,R,R,2026-08-28
OPP-47,H07,Fastball,93.0,2046,19.2,7.2,1.523,3.673,0,0,BallCalled,R,R,2026-08-28
OPP-47,H07,Fastball,88.3,2164,14.7,10.0,0.875,1.848,1,0,StrikeSwinging,R,R,2026-08-28
OPP-47,H07,Fastball,89.4,2278,16.9,15.2,0.268,3.35,1,1,StrikeCalled,R,R,2026-08-28
OPP-47,H07,Fastball,90.7,2131,16.0,10.7,3.989,2.353,1,2,FoulBall,R,R,2026-08-28
OPP-47,H07,Changeup,81.7,2020,11.4,15.9,1.544,2.275,1,2,BallCalled,R,R,2026-08-28
OPP-47,H07,Slider,81.7,2131,1.0,-4.5,-1.211,2.645,2,2,BallCalled,R,R,2026-08-28
OPP-47,H07,Slider,79.3,2220,2.4,-13.3,2.794,0.444,3,2,StrikeSwinging,R,R,2026-08-28
OPP-47,H06,Fastball,88.1,2018,10.3,11.4,-0.686,3.198,0,0,FoulBall,R,R,2026-08-28
OPP-47,H06,Curveball,75.3,2400,-3.4,-13.9,0.691,1.183,0,1,InPlay,R,R,2026-08-28
OPP-47,H09,Changeup,81.6,1849,9.0,14.2,-0.382,3.691,0,0,BallCalled,R,R,2026-08-28
OPP-47,H09,Fastball,89.6,2189,15.1,12.1,0.173,2.535,1,0,FoulBall,R,R,2026-08-28
OPP-47,H09,Fastball,89.8,2306,16.8,4.8,0.251,3.614,1,1,BallCalled,R,R,2026-08-28
OPP-47,H09,Fastball,89.2,2247,19.8,10.5,0.623,1.993,2,1,InPlay,R,R,2026-08-28
OPP-47,H02,Fastball,90.6,2222,15.0,12.4,0.265,1.356,0,0,FoulBall,L,R,2026-08-28
OPP-47,H02,Changeup,83.9,1847,8.5,13.2,-0.308,2.321,0,1,StrikeCalled,L,R,2026-08-28
OPP-47,H02,Fastball,89.3,2275,15.5,14.7,2.02,3.282,0,2,BallCalled,L,R,2026-08-28
OPP-47,H02,Curveball,76.3,2264,-0.4,-14.8,0.453,4.915,1,2,InPlay,L,R,2026-08-28
OPP-47,H06,Fastball,89.5,2159,13.9,13.0,-0.084,2.126,0,0,StrikeCalled,L,R,2026-08-28
OPP-47,H06,Slider,80.5,2625,-2.7,-5.5,-1.212,1.598,0,1,BallCalled,L,R,2026-08-28
OPP-47,H06,Fastball,92.7,2464,15.3,7.5,0.256,3.053,1,1,InPlay,L,R,2026-08-28
OPP-47,H04,Slider,81.7,2513,1.9,-7.2,-1.088,3.447,0,0,BallCalled,L,R,2026-08-28
OPP-47,H04,Fastball,91.1,2184,11.5,8.1,-0.767,2.248,1,0,FoulBall,L,R,2026-08-28
OPP-47,H04,Fastball,89.9,2198,11.6,4.8,-0.511,3.227,1,1,StrikeCalled,L,R,2026-08-28
OPP-47,H04,Slider,79.2,2521,2.8,-7.9,-3.827,-0.887,1,2,BallCalled,L,R,2026-08-28
OPP-47,H04,Slider,84.0,2219,1.0,-5.0,0.207,0.438,2,2,BallCalled,L,R,2026-08-28
OPP-47,H04,Fastball,88.9,2318,11.9,11.0,-0.55,1.295,3,2,BallCalled,L,R,2026-08-28
OPP-47,H06,Fastball,89.4,2288,15.5,8.1,-0.129,2.382,0,0,FoulBall,R,R,2026-08-28
OPP-47,H06,Fastball,90.9,2316,13.7,9.0,0.072,3.058,0,1,StrikeCalled,R,R,2026-08-28
OPP-47,H06,Changeup,82.9,1763,7.6,10.8,-1.45,1.176,0,2,BallCalled,R,R,2026-08-28
OPP-47,H06,Curveball,77.3,2406,-5.2,-10.5,-1.651,5.119,1,2,FoulBall,R,R,2026-08-28
OPP-47,H06,Slider,81.0,2231,4.3,-2.9,0.199,1.166,1,2,BallCalled,R,R,2026-08-28
OPP-47,H06,Slider,81.4,2314,4.5,-4.7,-1.096,2.093,2,2,BallCalled,R,R,2026-08-28
OPP-47,H06,Fastball,92.1,2293,13.6,12.5,0.08,1.753,3,2,InPlay,R,R,2026-08-28
OPP-47,H06,Fastball,89.3,2225,18.8,14.9,-0.327,3.051,0,0,FoulBall,R,R,2026-08-28
OPP-47,H06,Changeup,85.3,1686,11.9,12.7,-0.397,2.956,0,1,FoulBall,R,R,2026-08-28
OPP-47,H06,Fastball,89.7,2255,13.0,9.6,-0.834,3.065,0,2,FoulBall,R,R,2026-08-28
OPP-47,H06,Fastball,90.6,2326,13.7,6.2,0.42,1.983,0,2,InPlay,R,R,2026-08-28
OPP-47,H05,Fastball,89.3,2058,15.3,5.9,0.69,2.596,0,0,StrikeCalled,R,R,2026-08-28
OPP-47,H05,Fastball,90.0,2354,14.9,0.7,-1.291,2.809,0,1,StrikeSwinging,R,R,2026-08-28
OPP-47,H05,Fastball,91.0,2204,14.0,8.0,0.382,2.633,0,2,InPlay,R,R,2026-08-28
OPP-47,H08,Changeup,79.5,1704,7.4,10.9,-0.339,2.456,0,0,HitByPitch,R,R,2026-08-28
OPP-47,H09,Fastball,91.2,2103,18.2,10.3,0.974,2.89,0,0,BallCalled,R,R,2026-08-28
OPP-47,H09,Fastball,92.4,2378,18.5,11.1,0.202,2.894,1,0,StrikeCalled,R,R,2026-08-28
OPP-47,H09,Fastball,91.5,2237,16.0,10.6,0.089,2.414,1,1,FoulBall,R,R,2026-08-28
OPP-47,H09,Slider,79.2,2304,-0.5,-6.7,-0.025,2.475,1,2,StrikeSwinging,R,R,2026-08-28
OPP-47,H01,Fastball,90.5,2131,13.0,1.8,-0.446,1.534,0,0,StrikeCalled,L,R,2026-08-28
OPP-47,H01,Slider,81.9,2374,-2.2,-7.4,2.438,2.046,0,1,BallCalled,L,R,2026-08-28
OPP-47,H01,Changeup,82.3,1751,10.7,12.2,0.246,1.903,1,1,StrikeCalled,L,R,2026-08-28
OPP-47,H01,Slider,84.2,2247,0.0,-9.0,-3.1,4.174,1,2,BallCalled,L,R,2026-08-28
OPP-47,H01,Changeup,82.1,1613,11.2,8.2,0.647,0.033,2,2,FoulBall,L,R,2026-08-28
OPP-47,H01,Slider,79.5,2293,6.5,-2.8,1.258,1.88,2,2,FoulBall,L,R,2026-08-28
OPP-47,H01,Fastball,89.8,2356,13.1,11.0,0.028,0.908,2,2,BallCalled,L,R,2026-08-28
OPP-47,H01,Changeup,81.1,1734,9.2,8.6,-0.217,3.221,3,2,InPlay,L,R,2026-08-28
OPP-47,H07,Slider,83.1,2274,-1.4,-6.9,-2.319,1.741,0,0,StrikeSwinging,L,R,2026-08-28
OPP-47,H07,Fastball,91.5,2150,17.8,8.2,-0.847,1.842,0,1,InPlay,L,R,2026-08-28
OPP-47,H01,Slider,81.9,2377,1.3,-8.7,-0.265,3.073,0,0,StrikeCalled,R,R,2026-08-28
OPP-47,H01,Slider,80.3,2414,0.0,-7.1,-1.037,2.599,0,1,BallCalled,R,R,2026-08-28
OPP-47,H01,Slider,80.1,2372,0.5,-6.9,0.283,3.24,1,1,StrikeCalled,R,R,2026-08-28
OPP-47,H01,Fastball,91.1,2316,15.6,6.3,1.132,2.321,1,2,HitByPitch,R,R,2026-08-28
OPP-47,H05,Slider,84.9,2293,2.3,-5.5,0.323,2.201,0,0,StrikeCalled,L,R,2026-08-28
OPP-47,H05,Fastball,89.1,2200,16.6,4.8,-0.475,4.348,0,1,BallCalled,L,R,2026-08-28
OPP-47,H05,Fastball,90.6,2187,14.9,12.1,0.499,2.913,1,1,InPlay,L,R,2026-08-28
OPP-47,H03,Fastball,91.4,2250,18.0,6.2,-0.645,2.221,0,0,StrikeCalled,R,R,2026-08-28
OPP-47,H03,Fastball,88.5,2139,15.1,8.4,1.218,2.997,0,1,HitByPitch,R,R,2026-08-28
OPP-47,H03,Slider,81.2,2526,0.9,-12.0,0.123,2.741,0,0,StrikeCalled,R,R,2026-08-28
OPP-47,H03,Slider,80.5,2447,-0.2,-10.7,1.469,1.804,0,1,InPlay,R,R,2026-08-28
OPP-47,H01,Slider,79.4,2532,-1.3,-6.9,-1.117,1.583,0,0,BallCalled,L,R,2026-08-28
OPP-47,H01,Fastball,91.8,2299,13.3,15.2,-0.552,2.84,1,0,StrikeCalled,L,R,2026-08-28
OPP-47,H01,Fastball,91.7,2285,11.3,10.3,-0.509,3.131,1,1,StrikeCalled,L,R,2026-08-28
OPP-47,H01,Slider,81.1,2464,5.5,-11.7,1.095,0.952,1,2,BallCalled,L,R,2026-08-28
OPP-47,H01,Changeup,84.8,1685,8.7,9.2,1.343,2.341,2,2,BallCalled,L,R,2026-08-28
OPP-47,H01,Fastball,92.7,2232,16.0,12.5,0.478,3.843,3,2,BallCalled,L,R,2026-08-28
OPP-47,H02,Changeup,86.7,1579,6.5,8.1,0.445,0.953,0,0,BallCalled,L,R,2026-08-28
OPP-47,H02,Fastball,90.0,2108,18.7,10.9,-0.223,3.489,1,0,StrikeCalled,L,R,2026-08-28
OPP-47,H02,Changeup,81.2,1648,11.9,11.1,0.392,3.239,1,1,StrikeCalled,L,R,2026-08-28
OPP-47,H02,Fastball,89.4,2191,13.8,6.5,0.035,0.474,1,2,StrikeSwinging,L,R,2026-08-28
OPP-47,H09,Slider,80.5,2261,-2.4,-5.7,-1.723,1.556,0,0,BallCalled,R,R,2026-08-28
OPP-47,H09,Fastball,89.6,2126,15.1,12.8,0.633,3.407,1,0,StrikeCalled,R,R,2026-08-28
OPP-47,H09,Changeup,79.1,1745,10.2,9.8,0.392,0.075,1,1,InPlay,R,R,2026-08-28
OPP-47,H07,Slider,82.9,2451,-3.2,-14.5,-0.195,3.765,0,0,StrikeSwinging,R,R,2026-08-28
OPP-47,H07,Curveball,73.0,2795,-4.7,-4.2,-1.694,2.352,0,1,FoulBall,R,R,2026-08-28
OPP-47,H07,Slider,80.2,2406,5.2,-3.0,0.019,1.544,0,2,FoulBall,R,R,2026-08-28
OPP-47,H07,Fastball,91.6,2277,14.5,13.0,0.371,2.38,0,2,InPlay,R,R,2026-08-28
OPP-47,H03,Fastball,89.4,2291,15.7,10.5,-0.389,2.958,0,0,InPlay,R,R,2026-08-28
OPP-47,H04,Slider,82.2,2432,0.5,-4.9,-1.092,0.936,0,0,BallCalled,L,R,2026-08-28
OPP-47,H04,Fastball,90.4,2243,14.1,12.4,0.665,3.79,1,0,BallCalled,L,R,2026-08-28
OPP-47,H04,Fastball,90.4,2255,14.8,6.0,1.343,2.325,2,0,BallCalled,L,R,2026-08-28
OPP-47,H04,Fastball,94.7,2376,15.2,8.4,-0.393,3.483,3,0,StrikeCalled,L,R,2026-08-28
OPP-47,H04,Fastball,91.6,2254,18.6,7.4,0.081,3.161,3,1,StrikeCalled,L,R,2026-08-28
OPP-47,H04,Slider,80.1,2272,-0.0,-4.8,-2.34,2.907,3,2,FoulBall,L,R,2026-08-28
OPP-47,H04,Changeup,83.8,1802,7.3,14.1,0.795,4.532,3,2,BallCalled,L,R,2026-08-28
OPP-47,H08,Slider,81.9,2475,0.0,-6.9,0.247,3.498,0,0,StrikeCalled,R,R,2026-08-29
OPP-47,H08,Slider,81.9,2544,0.6,-3.8,0.839,3.719,0,1,StrikeSwinging,R,R,2026-08-29
OPP-47,H08,Changeup,84.0,1787,12.4,3.0,1.247,2.947,0,2,BallCalled,R,R,2026-08-29
OPP-47,H08,Slider,82.3,2528,-1.7,0.1,1.543,2.399,1,2,FoulBall,R,R,2026-08-29
OPP-47,H08,Slider,82.9,2360,1.4,-7.2,-0.261,0.079,1,2,StrikeSwinging,R,R,2026-08-29
OPP-47,H07,Fastball,92.5,2359,13.5,2.4,0.793,2.216,0,0,StrikeCalled,R,R,2026-08-29
OPP-47,H07,Curveball,74.8,2401,-8.0,-10.2,1.983,0.774,0,1,BallCalled,R,R,2026-08-29
OPP-47,H07,Fastball,92.8,2262,14.8,9.4,-1.524,1.957,1,1,BallCalled,R,R,2026-08-29
OPP-47,H07,Fastball,89.9,2191,12.5,8.6,-0.361,2.788,2,1,StrikeCalled,R,R,2026-08-29
OPP-47,H07,Fastball,89.3,2373,17.8,13.3,-1.347,1.86,2,2,InPlay,R,R,2026-08-29
OPP-47,H06,Slider,80.0,2299,5.5,-5.5,0.381,5.187,0,0,BallCalled,R,R,2026-08-29
OPP-47,H06,Fastball,90.1,2302,15.8,12.1,0.68,1.764,1,0,FoulBall,R,R,2026-08-29
OPP-47,H06,Slider,82.0,2435,1.7,-5.8,-0.829,0.056,1,1,BallCalled,R,R,2026-08-29
OPP-47,H06,Fastball,90.4,2113,13.6,11.3,0.823,3.002,2,1,FoulBall,R,R,2026-08-29
OPP-47,H06,Fastball,89.5,2281,11.7,6.7,-0.243,5.248,2,2,BallCalled,R,R,2026-08-29
OPP-47,H06,Slider,84.0,2504,1.8,-7.0,-1.144,1.193,3,2,FoulBall,R,R,2026-08-29
OPP-47,H06,Fastball,92.8,2321,16.2,8.7,0.112,2.072,3,2,InPlay,R,R,2026-08-29
OPP-47,H09,Fastball,91.8,2334,12.8,9.1,-0.114,1.131,0,0,BallCalled,L,R,2026-08-29
OPP-47,H09,Fastball,90.1,2333,14.2,13.6,0.319,2.559,1,0,StrikeSwinging,L,R,2026-08-29
OPP-47,H09,Slider,78.9,2661,0.4,-5.6,-0.07,1.596,1,1,StrikeCalled,L,R,2026-08-29
OPP-47,H09,Changeup,84.6,1698,9.1,12.3,0.162,3.258,1,2,StrikeCalled,L,R,2026-08-29
OPP-47,H07,Changeup,82.6,1537,7.9,12.8,1.186,1.88,0,0,BallCalled,R,R,2026-08-29
OPP-47,H07,Fastball,91.4,2105,15.7,9.3,0.497,3.169,1,0,InPlay,R,R,2026-08-29
OPP-47,H08,Changeup,84.9,1818,10.3,9.6,-0.115,2.677,0,0,InPlay,R,R,2026-08-29
OPP-47,H04,Fastball,91.4,2222,16.9,12.6,-0.282,2.903,0,0,StrikeCalled,R,R,2026-08-29
OPP-47,H04,Fastball,92.7,2466,14.6,13.0,-2.247,2.919,0,1,BallCalled,R,R,2026-08-29
OPP-47,H04,Fastball,91.6,2081,18.4,9.7,1.404,1.39,1,1,InPlay,R,R,2026-08-29
OPP-47,H02,Slider,81.0,2133,3.6,-4.2,0.625,1.032,0,0,BallCalled,R,R,2026-08-29
OPP-47,H02,Changeup,81.6,1783,6.6,10.0,0.192,1.686,1,0,StrikeCalled,R,R,2026-08-29
OPP-47,H02,Slider,81.8,2536,9.2,-6.9,0.219,2.305,1,1,FoulBall,R,R,2026-08-29
OPP-47,H02,Changeup,83.4,1681,8.9,16.9,1.365,-0.686,1,2,StrikeSwinging,R,R,2026-08-29
OPP-47,H01,Fastball,89.6,2271,14.4,4.9,0.975,2.399,0,0,BallCalled,L,R,2026-08-29
OPP-47,H01,Fastball,89.4,2285,16.7,9.2,-0.175,3.74,1,0,BallCalled,L,R,2026-08-29
OPP-47,H01,Fastball,92.1,2196,15.6,5.7,-0.017,2.583,2,0,StrikeCalled,L,R,2026-08-29
OPP-47,H01,Curveball,76.5,2520,-13.1,-10.9,-0.039,1.657,2,1,InPlay,L,R,2026-08-29
OPP-47,H01,Fastball,88.7,2181,17.7,13.9,0.422,2.649,0,0,StrikeCalled,R,R,2026-08-29
OPP-47,H01,Curveball,73.5,2360,-0.3,-10.9,-3.168,2.16,0,1,BallCalled,R,R,2026-08-29
OPP-47,H01,Fastball,91.9,2331,17.4,7.8,0.11,3.235,1,1,StrikeCalled,R,R,2026-08-29
OPP-47,H01,Changeup,81.3,1942,10.6,10.2,0.249,0.381,1,2,BallCalled,R,R,2026-08-29
OPP-47,H01,Slider,81.3,2633,-0.9,-5.0,-0.036,-0.151,2,2,BallCalled,R,R,2026-08-29
OPP-47,H01,Slider,80.0,2190,3.2,-1.5,-2.843,0.647,3,2,FoulBall,R,R,2026-08-29
OPP-47,H01,Changeup,82.7,1839,11.8,17.2,1.401,1.886,3,2,BallCalled,R,R,2026-08-29
OPP-47,H07,Fastball,89.7,2085,15.7,8.7,0.891,3.505,0,0,BallCalled,R,R,2026-08-29
OPP-47,H07,Fastball,91.2,1970,14.5,4.1,0.21,2.118,1,0,StrikeSwinging,R,R,2026-08-29
OPP-47,H07,Fastball,90.5,2483,15.9,6.6,1.116,2.059,1,1,FoulBall,R,R,2026-08-29
OPP-47,H07,Fastball,89.4,2104,14.7,10.2,-0.61,2.183,1,2,FoulBall,R,R,2026-08-29
OPP-47,H07,Changeup,83.0,1850,5.4,12.0,0.301,2.797,1,2,FoulBall,R,R,2026-08-29
OPP-47,H07,Slider,81.6,2252,2.2,-0.2,-0.262,2.428,1,2,StrikeCalled,R,R,2026-08-29
OPP-47,H01,Fastball,87.0,2183,15.3,10.8,-0.702,3.997,0,0,InPlay,R,R,2026-08-29
OPP-47,H04,Fastball,91.8,2049,12.9,5.9,-0.186,2.696,0,0,InPlay,L,R,2026-08-29
OPP-47,H01,Fastball,90.1,2221,14.7,16.6,0.064,2.292,0,0,FoulBall,R,R,2026-08-29
OPP-47,H01,Curveball,78.9,2374,-1.9,-9.0,0.39,0.747,0,1,BallCalled,R,R,2026-08-29
OPP-47,H01,Changeup,81.4,1716,5.9,11.8,0.159,2.552,1,1,StrikeCalled,R,R,2026-08-29
OPP-47,H01,Slider,81.2,2330,2.4,-10.4,-0.096,3.315,1,2,InPlay,R,R,2026-08-29
OPP-47,H04,Fastball,89.9,2409,11.9,11.6,1.143,2.154,0,0,FoulBall,R,R,2026-08-29
OPP-47,H04,Slider,79.1,2402,2.0,-4.2,-0.27,1.117,0,1,StrikeSwinging,R,R,2026-08-29
OPP-47,H04,Fastball,90.9,2345,17.2,9.8,0.932,1.638,0,2,HitByPitch,R,R,2026-08-29
OPP-47,H01,Fastball,92.4,2348,14.4,3.1,-0.983,3.059,0,0,BallCalled,L,R,2026-08-29
OPP-47,H01,Fastball,90.1,2276,18.1,7.3,0.205,2.488,1,0,InPlay,L,R,2026-08-29
OPP-47,H06,Curveball,74.3,2492,-6.4,-15.0,-1.356,1.94,0,0,StrikeSwinging,R,R,2026-08-29
OPP-47,H06,Fastball,88.8,2328,12.3,7.0,0.104,2.301,0,1,FoulBall,R,R,2026-08-29
OPP-47,H06,Slider,78.8,2559,2.5,-6.1,1.137,3.768,0,2,BallCalled,R,R,2026-08-29
OPP-47,H06,Changeup,80.2,1747,6.8,11.5,1.972,2.896,1,2,BallCalled,R,R,2026-08-29
OPP-47,H06,Fastball,89.8,2201,12.9,7.9,0.371,2.497,2,2,InPlay,R,R,2026-08-29
OPP-47,H02,Fastball,88.7,2191,15.0,7.9,-0.991,1.114,0,0,InPlay,R,R,2026-08-29
OPP-47,H01,Fastball,89.3,2005,18.3,5.6,0.182,1.466,0,0,InPlay,L,R,2026-08-29
OPP-47,H06,Fastball,93.3,2251,15.6,9.3,-1.281,4.501,0,0,BallCalled,L,R,2026-08-29
OPP-47,H06,Fastball,88.5,2329,14.6,4.9,-0.355,2.922,1,0,StrikeCalled,L,R,2026-08-29
OPP-47,H06,Fastball,90.2,2082,11.2,8.8,0.204,0.473,1,1,BallCalled,L,R,2026-08-29
OPP-47,H06,Slider,78.8,2209,6.0,-8.3,-0.754,1.706,2,1,FoulBall,L,R,2026-08-29
OPP-47,H06,Slider,78.8,2709,2.7,-5.2,1.646,1.698,2,2,StrikeSwinging,L,R,2026-08-29
OPP-47,H09,Fastball,90.5,2210,12.5,10.3,1.369,3.047,0,0,FoulBall,R,R,2026-08-29
OPP-47,H09,Fastball,88.8,2246,17.3,9.9,0.045,3.236,0,1,FoulBall,R,R,2026-08-29
OPP-47,H09,Fastball,89.8,2005,14.3,9.3,0.111,2.616,0,2,StrikeCalled,R,R,2026-08-29
OPP-47,H01,Fastball,91.2,2081,16.6,11.2,0.238,2.614,0,0,FoulBall,R,R,2026-08-29
OPP-47,H01,Slider,83.2,2461,1.5,-5.4,-0.986,5.007,0,1,BallCalled,R,R,2026-08-29
OPP-47,H01,Fastball,93.1,2234,12.0,6.4,-0.629,2.691,1,1,FoulBall,R,R,2026-08-29
OPP-47,H01,Changeup,81.7,1873,7.3,9.5,0.12,4.124,1,2,StrikeSwinging,R,R,2026-08-29
OPP-47,H07,Fastball,91.9,2005,17.3,5.6,-0.056,2.609,0,0,StrikeCalled,L,R,2026-08-29
OPP-47,H07,Slider,80.1,2310,1.8,-9.5,1.158,2.935,0,1,BallCalled,L,R,2026-08-29
OPP-47,H07,Fastball,92.0,2146,16.5,7.5,1.006,2.277,1,1,BallCalled,L,R,2026-08-29
OPP-47,H07,Fastball,91.8,2369,14.9,11.7,0.714,1.954,2,1,InPlay,L,R,2026-08-29
OPP-47,H06,Fastball,92.4,2201,12.7,5.7,-1.31,1.867,0,0,BallCalled,L,R,2026-08-29
OPP-47,H06,Fastball,90.6,2157,14.1,13.5,0.717,2.978,1,0,InPlay,L,R,2026-08-29
OPP-47,H03,Changeup,81.9,1600,10.3,14.3,-0.987,2.96,0,0,BallCalled,R,R,2026-08-29
OPP-47,H03,Fastball,88.8,2102,16.7,3.4,0.707,2.337,1,0,StrikeCalled,R,R,2026-08-29
OPP-47,H03,Fastball,90.6,2010,15.9,4.7,-0.046,2.84,1,1,StrikeCalled,R,R,2026-08-29
OPP-47,H03,Curveball,76.2,2302,-12.3,-9.3,0.29,2.26,1,2,StrikeSwinging,R,R,2026-08-29
OPP-47,H04,Fastball,88.8,2185,14.2,9.5,1.202,3.032,0,0,StrikeSwinging,R,R,2026-08-29
OPP-47,H04,Fastball,93.3,2230,14.4,8.8,-1.263,3.487,0,1,BallCalled,R,R,2026-08-29
OPP-47,H04,Fastball,91.3,2409,15.7,10.6,-0.738,2.552,1,1,StrikeCalled,R,R,2026-08-29
OPP-47,H04,Fastball,89.4,2048,16.1,12.8,-0.246,2.841,1,2,InPlay,R,R,2026-08-29
OPP-47,H02,Fastball,91.3,2243,12.8,13.1,-0.198,2.583,0,0,InPlay,R,R,2026-08-29
OPP-47,H08,Fastball,85.6,2278,15.5,9.9,0.274,0.762,0,0,BallCalled,R,R,2026-08-29
OPP-47,H08,Fastball,90.6,2259,12.4,13.1,-0.197,2.407,1,0,StrikeCalled,R,R,2026-08-29
OPP-47,H08,Fastball,93.7,2172,18.3,10.4,-1.169,2.561,1,1,BallCalled,R,R,2026-08-29
OPP-47,H08,Fastball,91.8,2427,14.8,5.8,-0.138,1.858,2,1,StrikeCalled,R,R,2026-08-29
OPP-47,H08,Changeup,80.5,1794,9.7,14.8,0.031,2.242,2,2,FoulBall,R,R,2026-08-29
OPP-47,H08,Slider,79.4,2313,-1.3,-3.8,1.51,2.516,2,2,BallCalled,R,R,2026-08-29
OPP-47,H08,Slider,80.9,2437,2.7,-11.3,-0.844,2.578,3,2,BallCalled,R,R,2026-08-29
OPP-47,H08,Fastball,90.0,2468,10.6,4.2,-1.022,3.028,0,0,BallCalled,R,R,2026-08-30
OPP-47,H08,Fastball,90.1,2287,13.6,14.3,-0.675,3.242,1,0,FoulBall,R,R,2026-08-30
OPP-47,H08,Slider,81.4,2568,-0.9,-3.4,-0.643,3.043,1,1,FoulBall,R,R,2026-08-30
OPP-47,H08,Fastball,91.2,2200,13.2,10.0,0.505,3.881,1,2,BallCalled,R,R,2026-08-30
OPP-47,H08,Changeup,82.0,1743,6.5,9.8,0.233,2.7,2,2,FoulBall,R,R,2026-08-30
OPP-47,H08,Slider,84.7,2402,3.8,-8.6,2.464,2.839,2,2,BallCalled,R,R,2026-08-30
OPP-47,H08,Slider,82.9,2191,0.5,-9.2,-0.88,1.015,3,2,InPlay,R,R,2026-08-30
OPP-47,H02,Fastball,91.7,2195,14.7,9.3,0.564,2.848,0,0,InPlay,L,R,2026-08-30
OPP-47,H07,Fastball,91.3,2199,16.0,13.8,0.382,3.691,0,0,BallCalled,R,R,2026-08-30
OPP-47,H07,Changeup,81.7,1831,8.4,17.1,-0.414,2.21,1,0,StrikeCalled,R,R,2026-08-30
OPP-47,H07,Fastball,88.1,2191,14.2,9.8,1.296,2.746,1,1,BallCalled,R,R,2026-08-30
OPP-47,H07,Fastball,89.6,2207,14.4,3.7,0.658,2.767,2,1,StrikeCalled,R,R,2026-08-30
OPP-47,H07,Changeup,80.6,1823,8.9,9.7,1.331,2.179,2,2,BallCalled,R,R,2026-08-30
OPP-47,H07,Fastball,90.8,2180,13.1,12.9,0.574,0.428,3,2,BallCalled,R,R,2026-08-30
OPP-47,H02,Slider,77.8,2200,2.1,-9.0,-0.957,2.309,0,0,StrikeSwinging,L,R,2026-08-30
OPP-47,H02,Fastball,93.0,2035,14.3,13.9,-0.319,3.309,0,1,FoulBall,L,R,2026-08-30
OPP-47,H02,Slider,80.7,2225,6.8,-7.5,-2.455,2.818,0,2,BallCalled,L,R,2026-08-30
OPP-47,H02,Fastball,90.7,2473,13.4,9.6,0.91,2.294,1,2,BallCalled,L,R,2026-08-30
OPP-47,H02,Slider,81.8,2348,1.1,-3.5,-1.005,2.499,2,2,FoulBall,L,R,2026-08-30
OPP-47,H02,Slider,83.2,2265,-3.3,-11.8,-0.556,4.302,2,2,StrikeSwinging,L,R,2026-08-30
OPP-47,H01,Fastball,89.4,2319,17.3,7.2,0.832,3.081,0,0,BallCalled,L,R,2026-08-30
OPP-47,H01,Fastball,92.9,2270,12.5,5.9,0.431,2.205,1,0,InPlay,L,R,2026-08-30
OPP-47,H08,Fastball,91.7,2158,16.0,11.9,-1.136,2.353,0,0,StrikeSwinging,R,R,2026-08-30
OPP-47,H08,Fastball,90.1,2076,14.7,13.0,-0.069,1.325,0,1,StrikeSwinging,R,R,2026-08-30
OPP-47,H08,Fastball,93.3,2210,16.1,11.0,-0.656,5.439,0,2,StrikeSwinging,R,R,2026-08-30
OPP-47,H08,Fastball,90.5,2207,15.7,9.7,-0.547,3.113,0,0,FoulBall,L,R,2026-08-30
OPP-47,H08,Changeup,83.9,1759,6.3,11.3,-0.685,0.382,0,1,BallCalled,L,R,2026-08-30
OPP-47,H08,Changeup,82.0,1975,14.3,13.9,-0.877,0.764,1,1,BallCalled,L,R,2026-08-30
OPP-47,H08,Fastball,90.2,2452,14.7,8.5,-0.301,2.527,2,1,StrikeCalled,L,R,2026-08-30
OPP-47,H08,Fastball,91.4,2199,16.7,4.4,-1.723,2.306,2,2,BallCalled,L,R,2026-08-30
OPP-47,H08,Changeup,81.2,1823,11.1,7.0,1.345,1.899,3,2,BallCalled,L,R,2026-08-30
OPP-47,H07,Fastball,92.9,2281,16.0,10.1,-0.105,2.718,0,0,StrikeCalled,R,R,2026-08-30
OPP-47,H07,Slider,80.9,2392,-0.9,-6.3,3.076,0.297,0,1,BallCalled,R,R,2026-08-30
OPP-47,H07,Changeup,80.6,1834,7.9,15.6,0.677,1.273,1,1,BallCalled,R,R,2026-08-30
OPP-47,H07,Fastball,89.8,2438,14.4,12.8,-0.145,2.686,2,1,InPlay,R,R,2026-08-30
OPP-47,H04,Fastball,91.5,2271,11.2,7.7,0.401,2.54,0,0,StrikeCalled,R,R,2026-08-30
OPP-47,H04,Fastball,90.2,2470,14.6,2.9,0.182,2.406,0,1,FoulBall,R,R,2026-08-30
OPP-47,H04,Changeup,82.7,1778,6.0,13.9,1.545,0.762,0,2,BallCalled,R,R,2026-08-30
OPP-47,H04,Fastball,90.3,2144,16.2,11.2,1.227,3.234,1,2,BallCalled,R,R,2026-08-30
OPP-47,H04,Fastball,90.2,2212,17.2,12.4,0.778,1.648,2,2,StrikeCalled,R,R,2026-08-30
OPP-47,H05,Fastball,89.3,2096,14.2,9.5,0.758,1.512,0,0,StrikeCalled,L,R,2026-08-30
OPP-47,H05,Slider,82.0,2162,2.2,-10.3,-1.093,1.2,0,1,StrikeSwinging,L,R,2026-08-30
OPP-47,H05,Fastball,91.4,2016,12.9,7.2,1.243,2.472,0,2,BallCalled,L,R,2026-08-30
OPP-47,H05,Fastball,87.4,2479,13.1,7.5,-0.985,4.062,1,2,InPlay,L,R,2026-08-30
OPP-47,H01,Fastball,92.1,2214,10.7,6.8,1.561,1.711,0,0,BallCalled,L,R,2026-08-30
OPP-47,H01,Fastball,89.1,2269,15.8,12.8,-1.307,2.581,1,0,BallCalled,L,R,2026-08-30
OPP-47,H01,Fastball,91.3,2081,14.3,10.4,-0.81,1.403,2,0,BallCalled,L,R,2026-08-30
OPP-47,H01,Fastball,91.8,2082,18.4,2.8,1.216,2.973,3,0,FoulBall,L,R,2026-08-30
OPP-47,H01,Fastball,91.4,2175,14.0,9.7,-0.25,2.281,3,1,StrikeCalled,L,R,2026-08-30
OPP-47,H01,Slider,81.4,2246,4.7,-7.8,-0.372,-0.602,3,2,FoulBall,L,R,2026-08-30
OPP-47,H01,Fastball,90.2,2261,13.8,11.6,-1.912,2.79,3,2,InPlay,L,R,2026-08-30
OPP-47,H03,Curveball,76.9,2304,-9.5,-10.8,-1.014,3.438,0,0,StrikeSwinging,R,R,2026-08-30
OPP-47,H03,Slider,80.3,2479,3.2,-3.8,-1.321,2.316,0,1,BallCalled,R,R,2026-08-30
OPP-47,H03,Fastball,88.8,2202,12.9,7.6,-0.129,2.156,1,1,InPlay,R,R,2026-08-30
OPP-47,H08,Changeup,83.1,1527,11.1,8.9,-1.562,0.756,0,0,FoulBall,R,R,2026-08-30
OPP-47,H08,Slider,82.4,2334,2.8,-4.9,2.297,2.068,0,1,BallCalled,R,R,2026-08-30
OPP-47,H08,Changeup,81.3,1761,11.1,13.5,1.28,1.209,1,1,BallCalled,R,R,2026-08-30
OPP-47,H08,Fastball,91.3,2465,16.7,12.3,0.014,2.293,2,1,StrikeCalled,R,R,2026-08-30
OPP-47,H08,Fastball,89.0,2163,15.1,6.3,0.607,1.181,2,2,BallCalled,R,R,2026-08-30
OPP-47,H08,Slider,80.2,2355,1.5,-9.4,-0.018,3.375,3,2,InPlay,R,R,2026-08-30
OPP-47,H07,Fastball,91.6,2381,15.8,7.0,-0.733,2.233,0,0,InPlay,R,R,2026-08-30
OPP-47,H09,Slider,81.3,2412,0.5,-8.1,-1.21,2.559,0,0,InPlay,L,R,2026-08-30
OPP-47,H09,Fastball,90.1,2279,13.3,8.6,-1.197,2.428,0,0,InPlay,R,R,2026-08-30
OPP-47,H05,Slider,80.5,2586,-0.3,-8.8,0.277,2.642,0,0,StrikeCalled,R,R,2026-08-30
OPP-47,H05,Slider,77.7,2319,4.3,-9.1,-1.215,2.543,0,1,BallCalled,R,R,2026-08-30
OPP-47,H05,Fastball,92.6,2236,15.2,6.0,0.707,2.675,1,1,StrikeCalled,R,R,2026-08-30
OPP-47,H05,Fastball,90.0,2071,14.8,13.0,-0.983,2.646,1,2,BallCalled,R,R,2026-08-30
OPP-47,H05,Slider,78.9,2429,5.2,-4.2,-0.289,1.21,2,2,InPlay,R,R,2026-08-30
OPP-47,H07,Slider,82.2,2566,2.0,-4.4,-0.154,0.398,0,0,BallCalled,R,R,2026-08-30
OPP-47,H07,Slider,81.0,2304,3.3,-4.7,-1.041,1.074,1,0,BallCalled,R,R,2026-08-30
OPP-47,H07,Slider,79.3,2066,4.9,-8.6,0.485,2.449,2,0,StrikeSwinging,R,R,2026-08-30
OPP-47,H07,Fastball,91.5,2308,15.0,7.3,0.493,2.379,2,1,InPlay,R,R,2026-08-30
OPP-47,H09,Slider,78.2,2333,4.2,-5.1,-0.197,2.091,0,0,StrikeCalled,L,R,2026-08-30
OPP-47,H09,Changeup,84.5,1828,9.8,12.0,-1.018,1.667,0,1,BallCalled,L,R,2026-08-30
OPP-47,H09,Fastball,93.1,2178,14.3,6.3,-1.298,2.87,1,1,BallCalled,L,R,2026-08-30
OPP-47,H09,Fastball,91.7,2115,14.9,11.3,-0.423,2.617,2,1,StrikeSwinging,L,R,2026-08-30
OPP-47,H09,Slider,79.4,2471,5.5,-7.7,-0.574,4.371,2,2,BallCalled,L,R,2026-08-30
OPP-47,H09,Slider,80.6,2363,2.0,-5.1,-2.179,0.64,3,2,BallCalled,L,R,2026-08-30
OPP-47,H06,Slider,80.3,2527,0.1,-5.8,-1.255,3.666,0,0,StrikeSwinging,L,R,2026-08-30
OPP-47,H06,Slider,81.7,2188,0.2,-7.8,-0.397,2.18,0,1,StrikeCalled,L,R,2026-08-30
OPP-47,H06,Fastball,91.1,2239,14.0,9.0,0.442,3.047,0,2,StrikeSwinging,L,R,2026-08-30
OPP-47,H08,Fastball,89.6,2144,12.2,7.0,-0.617,2.947,0,0,StrikeSwinging,L,R,2026-08-30
OPP-47,H08,Slider,78.8,2476,0.4,-9.7,0.555,1.063,0,1,StrikeSwinging,L,R,2026-08-30
OPP-47,H08,Fastball,91.6,2145,16.5,7.3,-1.052,2.695,0,2,BallCalled,L,R,2026-08-30
OPP-47,H08,Slider,81.8,2639,1.9,-6.8,-0.2,1.658,1,2,StrikeCalled,L,R,2026-08-30
OPP-47,H04,Slider,81.3,2432,-1.5,-5.2,0.105,2.838,0,0,StrikeSwinging,R,R,2026-08-30
OPP-47,H04,Fastball,91.8,2185,17.4,7.6,0.518,1.443,0,1,BallCalled,R,R,2026-08-30
OPP-47,H04,Curveball,74.6,2345,-5.2,-11.9,-0.828,2.199,1,1,InPlay,R,R,2026-08-30
OPP-47,H07,Fastball,90.7,2100,15.3,6.2,0.058,2.342,0,0,FoulBall,R,R,2026-08-30
OPP-47,H07,Fastball,92.1,2191,15.4,7.3,-1.048,2.852,0,1,FoulBall,R,R,2026-08-30
OPP-47,H07,Fastball,91.9,2299,16.9,12.9,-1.69,2.055,0,2,BallCalled,R,R,2026-08-30
OPP-47,H07,Changeup,80.7,1711,9.6,11.4,-0.937,3.498,1,2,BallCalled,R,R,2026-08-30
OPP-47,H07,Curveball,75.8,2403,-5.6,-13.0,-1.526,2.292,2,2,StrikeSwinging,R,R,2026-08-30
OPP-47,H01,Fastball,91.0,2149,15.1,11.9,-0.706,2.839,0,0,InPlay,L,R,2026-08-30
OPP-47,H08,Slider,80.2,2534,0.1,-6.7,-0.567,1.051,0,0,FoulBall,R,R,2026-08-30
OPP-47,H08,Fastball,89.9,2156,19.0,11.2,1.113,4.997,0,1,BallCalled,R,R,2026-08-30
OPP-47,H08,Slider,83.1,2344,1.5,-3.4,-0.659,2.928,1,1,StrikeCalled,R,R,2026-08-30
OPP-47,H08,Curveball,75.7,2500,-8.1,-9.8,-0.868,2.726,1,2,BallCalled,R,R,2026-08-30
OPP-47,H08,Slider,82.0,2312,1.3,-5.4,-2.05,2.208,2,2,BallCalled,R,R,2026-08-30
OPP-47,H08,Slider,79.4,2332,8.6,-5.6,0.149,5.346,3,2,BallCalled,R,R,2026-08-30
